/*
 Navicat Premium Dump SQL

 Source Server         : localhost 3306 connection
 Source Server Type    : MySQL
 Source Server Version : 80036 (8.0.36)
 Source Host           : localhost:3306
 Source Schema         : coen6311

 Target Server Type    : MySQL
 Target Server Version : 80036 (8.0.36)
 File Encoding         : 65001

 Date: 04/12/2024 23:41:48
*/

SET NAMES utf8mb4;
SET FOREIGN_KEY_CHECKS = 0;

-- ----------------------------
-- Table structure for hospital
-- ----------------------------
DROP TABLE IF EXISTS `hospital`;
CREATE TABLE `hospital`  (
  `h_id` int NOT NULL AUTO_INCREMENT,
  `h_name` varchar(100) CHARACTER SET utf8mb4 COLLATE utf8mb4_0900_ai_ci NOT NULL,
  `h_address` varchar(255) CHARACTER SET utf8mb4 COLLATE utf8mb4_0900_ai_ci NULL DEFAULT NULL,
  `h_hotline` varchar(15) CHARACTER SET utf8mb4 COLLATE utf8mb4_0900_ai_ci NULL DEFAULT NULL,
  `created_at` timestamp NULL DEFAULT CURRENT_TIMESTAMP,
  `updated_at` timestamp NULL DEFAULT CURRENT_TIMESTAMP ON UPDATE CURRENT_TIMESTAMP,
  PRIMARY KEY (`h_id`) USING BTREE
) ENGINE = InnoDB AUTO_INCREMENT = 4 CHARACTER SET = utf8mb4 COLLATE = utf8mb4_0900_ai_ci ROW_FORMAT = DYNAMIC;

-- ----------------------------
-- Records of hospital
-- ----------------------------
INSERT INTO `hospital` VALUES (1, 'Hospital A', '123 A Street', '111-222-3333', '2024-11-02 19:23:06', '2024-11-02 19:23:06');
INSERT INTO `hospital` VALUES (2, 'Hospital B', '456 B Avenue', '444-555-6666', '2024-11-02 19:23:06', '2024-11-02 19:23:06');
INSERT INTO `hospital` VALUES (3, 'Hospital C', '789 C Road', '777-888-9999', '2024-11-02 19:23:06', '2024-11-02 19:23:06');

-- ----------------------------
-- Table structure for master_schedule
-- ----------------------------
DROP TABLE IF EXISTS `master_schedule`;
CREATE TABLE `master_schedule`  (
  `shift_id` int NOT NULL AUTO_INCREMENT,
  `request_id` int NOT NULL COMMENT 'foreign key to shift_request',
  `supervisor_id` int NOT NULL COMMENT 'foreign key to user (role=\"supervisor\")',
  `nurse_id` int NOT NULL COMMENT 'foreign key to user (role=\"nurse\")',
  `hospital_id` int NOT NULL COMMENT 'foreign key to hospital',
  `shift_date` date NOT NULL,
  PRIMARY KEY (`shift_id`) USING BTREE,
  INDEX `request_id`(`request_id` ASC) USING BTREE,
  INDEX `supervisor_id`(`supervisor_id` ASC) USING BTREE,
  INDEX `nurse_id`(`nurse_id` ASC) USING BTREE,
  INDEX `hospital_id`(`hospital_id` ASC) USING BTREE,
  CONSTRAINT `master_schedule_ibfk_1` FOREIGN KEY (`request_id`) REFERENCES `shift_request` (`request_id`) ON DELETE RESTRICT ON UPDATE RESTRICT,
  CONSTRAINT `master_schedule_ibfk_3` FOREIGN KEY (`nurse_id`) REFERENCES `user` (`u_id`) ON DELETE CASCADE ON UPDATE CASCADE,
  CONSTRAINT `master_schedule_ibfk_4` FOREIGN KEY (`hospital_id`) REFERENCES `hospital` (`h_id`) ON DELETE CASCADE ON UPDATE CASCADE
) ENGINE = InnoDB AUTO_INCREMENT = 1395 CHARACTER SET = utf8mb4 COLLATE = utf8mb4_0900_ai_ci ROW_FORMAT = DYNAMIC;

-- ----------------------------
-- Records of master_schedule
-- ----------------------------
INSERT INTO `master_schedule` VALUES (1, 4, 42, 33, 1, '2024-11-18');
INSERT INTO `master_schedule` VALUES (2, 4, 42, 37, 1, '2024-11-18');
INSERT INTO `master_schedule` VALUES (3, 4, 42, 52, 1, '2024-11-18');
INSERT INTO `master_schedule` VALUES (4, 4, 42, 31, 1, '2024-11-18');
INSERT INTO `master_schedule` VALUES (5, 34, 42, 21, 1, '2024-11-21');
INSERT INTO `master_schedule` VALUES (6, 34, 42, 39, 1, '2024-11-21');
INSERT INTO `master_schedule` VALUES (7, 34, 42, 24, 1, '2024-11-21');
INSERT INTO `master_schedule` VALUES (8, 24, 47, 15, 3, '2024-11-20');
INSERT INTO `master_schedule` VALUES (9, 24, 47, 52, 3, '2024-11-20');
INSERT INTO `master_schedule` VALUES (10, 24, 47, 28, 3, '2024-11-20');
INSERT INTO `master_schedule` VALUES (11, 24, 47, 30, 3, '2024-11-20');
INSERT INTO `master_schedule` VALUES (12, 26, 46, 54, 2, '2024-11-20');
INSERT INTO `master_schedule` VALUES (13, 26, 46, 9, 2, '2024-11-20');
INSERT INTO `master_schedule` VALUES (14, 23, 43, 16, 2, '2024-11-20');
INSERT INTO `master_schedule` VALUES (15, 23, 43, 19, 2, '2024-11-20');
INSERT INTO `master_schedule` VALUES (16, 23, 43, 22, 2, '2024-11-20');
INSERT INTO `master_schedule` VALUES (17, 23, 43, 25, 2, '2024-11-20');
INSERT INTO `master_schedule` VALUES (18, 23, 43, 10, 2, '2024-11-20');
INSERT INTO `master_schedule` VALUES (19, 18, 47, 48, 3, '2024-11-19');
INSERT INTO `master_schedule` VALUES (20, 18, 47, 54, 3, '2024-11-19');
INSERT INTO `master_schedule` VALUES (21, 10, 42, 50, 1, '2024-11-19');
INSERT INTO `master_schedule` VALUES (22, 10, 42, 20, 1, '2024-11-19');
INSERT INTO `master_schedule` VALUES (23, 31, 53, 52, 1, '2024-11-21');
INSERT INTO `master_schedule` VALUES (24, 31, 53, 37, 1, '2024-11-21');
INSERT INTO `master_schedule` VALUES (25, 31, 53, 31, 1, '2024-11-21');
INSERT INTO `master_schedule` VALUES (26, 16, 53, 48, 1, '2024-11-19');
INSERT INTO `master_schedule` VALUES (27, 16, 53, 9, 1, '2024-11-19');
INSERT INTO `master_schedule` VALUES (28, 60, 51, 35, 3, '2024-11-24');
INSERT INTO `master_schedule` VALUES (29, 60, 51, 36, 3, '2024-11-24');
INSERT INTO `master_schedule` VALUES (30, 50, 46, 16, 2, '2024-11-23');
INSERT INTO `master_schedule` VALUES (31, 50, 46, 19, 2, '2024-11-23');
INSERT INTO `master_schedule` VALUES (32, 50, 46, 25, 2, '2024-11-23');
INSERT INTO `master_schedule` VALUES (33, 50, 46, 10, 2, '2024-11-23');
INSERT INTO `master_schedule` VALUES (34, 45, 51, 18, 3, '2024-11-22');
INSERT INTO `master_schedule` VALUES (35, 45, 51, 23, 3, '2024-11-22');
INSERT INTO `master_schedule` VALUES (36, 45, 51, 21, 3, '2024-11-22');
INSERT INTO `master_schedule` VALUES (37, 45, 51, 39, 3, '2024-11-22');
INSERT INTO `master_schedule` VALUES (38, 11, 43, 34, 2, '2024-11-19');
INSERT INTO `master_schedule` VALUES (39, 11, 43, 19, 2, '2024-11-19');
INSERT INTO `master_schedule` VALUES (40, 11, 43, 22, 2, '2024-11-19');
INSERT INTO `master_schedule` VALUES (41, 11, 43, 23, 2, '2024-11-19');
INSERT INTO `master_schedule` VALUES (42, 30, 44, 17, 3, '2024-11-21');
INSERT INTO `master_schedule` VALUES (43, 30, 44, 38, 3, '2024-11-21');
INSERT INTO `master_schedule` VALUES (44, 38, 43, 24, 2, '2024-11-22');
INSERT INTO `master_schedule` VALUES (45, 38, 43, 34, 2, '2024-11-22');
INSERT INTO `master_schedule` VALUES (46, 38, 43, 11, 2, '2024-11-22');
INSERT INTO `master_schedule` VALUES (47, 38, 43, 23, 2, '2024-11-22');
INSERT INTO `master_schedule` VALUES (48, 51, 51, 32, 3, '2024-11-23');
INSERT INTO `master_schedule` VALUES (49, 51, 51, 35, 3, '2024-11-23');
INSERT INTO `master_schedule` VALUES (50, 51, 51, 28, 3, '2024-11-23');
INSERT INTO `master_schedule` VALUES (51, 51, 51, 30, 3, '2024-11-23');
INSERT INTO `master_schedule` VALUES (52, 33, 51, 16, 3, '2024-11-21');
INSERT INTO `master_schedule` VALUES (53, 33, 51, 19, 3, '2024-11-21');
INSERT INTO `master_schedule` VALUES (54, 33, 51, 22, 3, '2024-11-21');
INSERT INTO `master_schedule` VALUES (55, 52, 42, 18, 1, '2024-11-23');
INSERT INTO `master_schedule` VALUES (56, 52, 42, 21, 1, '2024-11-23');
INSERT INTO `master_schedule` VALUES (57, 52, 42, 27, 1, '2024-11-23');
INSERT INTO `master_schedule` VALUES (58, 14, 43, 14, 2, '2024-11-19');
INSERT INTO `master_schedule` VALUES (59, 14, 43, 22, 2, '2024-11-19');
INSERT INTO `master_schedule` VALUES (60, 14, 43, 28, 2, '2024-11-19');
INSERT INTO `master_schedule` VALUES (61, 14, 43, 30, 2, '2024-11-19');
INSERT INTO `master_schedule` VALUES (62, 14, 43, 31, 2, '2024-11-19');
INSERT INTO `master_schedule` VALUES (63, 48, 47, 38, 3, '2024-11-23');
INSERT INTO `master_schedule` VALUES (64, 48, 47, 14, 3, '2024-11-23');
INSERT INTO `master_schedule` VALUES (65, 6, 44, 13, 3, '2024-11-18');
INSERT INTO `master_schedule` VALUES (66, 3, 47, 16, 3, '2024-11-18');
INSERT INTO `master_schedule` VALUES (67, 3, 47, 34, 3, '2024-11-18');
INSERT INTO `master_schedule` VALUES (68, 2, 46, 17, 2, '2024-11-18');
INSERT INTO `master_schedule` VALUES (69, 2, 46, 27, 2, '2024-11-18');
INSERT INTO `master_schedule` VALUES (70, 2, 46, 29, 2, '2024-11-18');
INSERT INTO `master_schedule` VALUES (71, 58, 45, 32, 1, '2024-11-24');
INSERT INTO `master_schedule` VALUES (72, 58, 45, 35, 1, '2024-11-24');
INSERT INTO `master_schedule` VALUES (73, 58, 45, 36, 1, '2024-11-24');
INSERT INTO `master_schedule` VALUES (74, 58, 45, 55, 1, '2024-11-24');
INSERT INTO `master_schedule` VALUES (75, 46, 53, 11, 1, '2024-11-23');
INSERT INTO `master_schedule` VALUES (76, 46, 53, 23, 1, '2024-11-23');
INSERT INTO `master_schedule` VALUES (77, 54, 44, 33, 3, '2024-11-23');
INSERT INTO `master_schedule` VALUES (78, 54, 44, 27, 3, '2024-11-23');
INSERT INTO `master_schedule` VALUES (79, 54, 44, 12, 3, '2024-11-23');
INSERT INTO `master_schedule` VALUES (80, 17, 46, 54, 2, '2024-11-19');
INSERT INTO `master_schedule` VALUES (81, 17, 46, 9, 2, '2024-11-19');
INSERT INTO `master_schedule` VALUES (82, 42, 51, 13, 3, '2024-11-22');
INSERT INTO `master_schedule` VALUES (83, 42, 51, 28, 3, '2024-11-22');
INSERT INTO `master_schedule` VALUES (84, 47, 43, 2, 2, '2024-11-23');
INSERT INTO `master_schedule` VALUES (85, 47, 43, 17, 2, '2024-11-23');
INSERT INTO `master_schedule` VALUES (86, 47, 43, 50, 2, '2024-11-23');
INSERT INTO `master_schedule` VALUES (87, 47, 43, 20, 2, '2024-11-23');
INSERT INTO `master_schedule` VALUES (88, 47, 43, 29, 2, '2024-11-23');
INSERT INTO `master_schedule` VALUES (89, 43, 53, 33, 1, '2024-11-22');
INSERT INTO `master_schedule` VALUES (90, 43, 53, 12, 1, '2024-11-22');
INSERT INTO `master_schedule` VALUES (91, 43, 53, 18, 1, '2024-11-22');
INSERT INTO `master_schedule` VALUES (92, 43, 53, 27, 1, '2024-11-22');
INSERT INTO `master_schedule` VALUES (93, 13, 53, 13, 1, '2024-11-19');
INSERT INTO `master_schedule` VALUES (94, 7, 42, 48, 1, '2024-11-18');
INSERT INTO `master_schedule` VALUES (95, 7, 42, 12, 1, '2024-11-18');
INSERT INTO `master_schedule` VALUES (96, 29, 46, 34, 2, '2024-11-21');
INSERT INTO `master_schedule` VALUES (97, 29, 46, 2, 2, '2024-11-21');
INSERT INTO `master_schedule` VALUES (98, 29, 46, 23, 2, '2024-11-21');
INSERT INTO `master_schedule` VALUES (99, 29, 46, 24, 2, '2024-11-21');
INSERT INTO `master_schedule` VALUES (100, 29, 46, 14, 2, '2024-11-21');
INSERT INTO `master_schedule` VALUES (101, 61, 42, 32, 1, '2024-11-24');
INSERT INTO `master_schedule` VALUES (102, 61, 42, 35, 1, '2024-11-24');
INSERT INTO `master_schedule` VALUES (103, 61, 42, 30, 1, '2024-11-24');
INSERT INTO `master_schedule` VALUES (104, 40, 42, 52, 1, '2024-11-22');
INSERT INTO `master_schedule` VALUES (105, 40, 42, 37, 1, '2024-11-22');
INSERT INTO `master_schedule` VALUES (106, 40, 42, 25, 1, '2024-11-22');
INSERT INTO `master_schedule` VALUES (107, 44, 43, 34, 2, '2024-11-22');
INSERT INTO `master_schedule` VALUES (108, 44, 43, 39, 2, '2024-11-22');
INSERT INTO `master_schedule` VALUES (109, 44, 43, 14, 2, '2024-11-22');
INSERT INTO `master_schedule` VALUES (110, 44, 43, 24, 2, '2024-11-22');
INSERT INTO `master_schedule` VALUES (111, 22, 42, 16, 1, '2024-11-20');
INSERT INTO `master_schedule` VALUES (112, 22, 42, 19, 1, '2024-11-20');
INSERT INTO `master_schedule` VALUES (113, 22, 42, 22, 1, '2024-11-20');
INSERT INTO `master_schedule` VALUES (114, 22, 42, 25, 1, '2024-11-20');
INSERT INTO `master_schedule` VALUES (115, 22, 42, 10, 1, '2024-11-20');
INSERT INTO `master_schedule` VALUES (116, 36, 51, 15, 3, '2024-11-21');
INSERT INTO `master_schedule` VALUES (117, 36, 51, 48, 3, '2024-11-21');
INSERT INTO `master_schedule` VALUES (118, 36, 51, 54, 3, '2024-11-21');
INSERT INTO `master_schedule` VALUES (119, 53, 43, 33, 2, '2024-11-23');
INSERT INTO `master_schedule` VALUES (120, 53, 43, 12, 2, '2024-11-23');
INSERT INTO `master_schedule` VALUES (121, 53, 43, 15, 2, '2024-11-23');
INSERT INTO `master_schedule` VALUES (122, 15, 51, 52, 3, '2024-11-19');
INSERT INTO `master_schedule` VALUES (123, 15, 51, 37, 3, '2024-11-19');
INSERT INTO `master_schedule` VALUES (124, 15, 51, 28, 3, '2024-11-19');
INSERT INTO `master_schedule` VALUES (125, 32, 46, 13, 2, '2024-11-21');
INSERT INTO `master_schedule` VALUES (126, 21, 47, 20, 3, '2024-11-20');
INSERT INTO `master_schedule` VALUES (127, 9, 44, 39, 3, '2024-11-18');
INSERT INTO `master_schedule` VALUES (128, 9, 44, 15, 3, '2024-11-18');
INSERT INTO `master_schedule` VALUES (129, 9, 44, 18, 3, '2024-11-18');
INSERT INTO `master_schedule` VALUES (130, 9, 44, 21, 3, '2024-11-18');
INSERT INTO `master_schedule` VALUES (131, 9, 44, 27, 3, '2024-11-18');
INSERT INTO `master_schedule` VALUES (132, 49, 45, 37, 1, '2024-11-23');
INSERT INTO `master_schedule` VALUES (133, 49, 45, 31, 1, '2024-11-23');
INSERT INTO `master_schedule` VALUES (134, 55, 45, 32, 1, '2024-11-24');
INSERT INTO `master_schedule` VALUES (135, 55, 45, 35, 1, '2024-11-24');
INSERT INTO `master_schedule` VALUES (136, 55, 45, 36, 1, '2024-11-24');
INSERT INTO `master_schedule` VALUES (137, 55, 45, 55, 1, '2024-11-24');
INSERT INTO `master_schedule` VALUES (138, 35, 43, 9, 2, '2024-11-21');
INSERT INTO `master_schedule` VALUES (139, 35, 43, 15, 2, '2024-11-21');
INSERT INTO `master_schedule` VALUES (140, 39, 51, 17, 3, '2024-11-22');
INSERT INTO `master_schedule` VALUES (141, 39, 51, 38, 3, '2024-11-22');
INSERT INTO `master_schedule` VALUES (142, 28, 53, 2, 1, '2024-11-21');
INSERT INTO `master_schedule` VALUES (143, 28, 53, 11, 1, '2024-11-21');
INSERT INTO `master_schedule` VALUES (144, 28, 53, 50, 1, '2024-11-21');
INSERT INTO `master_schedule` VALUES (145, 28, 53, 26, 1, '2024-11-21');
INSERT INTO `master_schedule` VALUES (146, 28, 53, 29, 1, '2024-11-21');
INSERT INTO `master_schedule` VALUES (147, 5, 43, 10, 2, '2024-11-18');
INSERT INTO `master_schedule` VALUES (148, 5, 43, 13, 2, '2024-11-18');
INSERT INTO `master_schedule` VALUES (149, 20, 43, 50, 2, '2024-11-20');
INSERT INTO `master_schedule` VALUES (150, 20, 43, 2, 2, '2024-11-20');
INSERT INTO `master_schedule` VALUES (151, 20, 43, 20, 2, '2024-11-20');
INSERT INTO `master_schedule` VALUES (152, 37, 53, 2, 1, '2024-11-22');
INSERT INTO `master_schedule` VALUES (153, 37, 53, 26, 1, '2024-11-22');
INSERT INTO `master_schedule` VALUES (154, 37, 53, 11, 1, '2024-11-22');
INSERT INTO `master_schedule` VALUES (155, 37, 53, 14, 1, '2024-11-22');
INSERT INTO `master_schedule` VALUES (156, 12, 44, 17, 3, '2024-11-19');
INSERT INTO `master_schedule` VALUES (157, 12, 44, 38, 3, '2024-11-19');
INSERT INTO `master_schedule` VALUES (158, 12, 44, 26, 3, '2024-11-19');
INSERT INTO `master_schedule` VALUES (159, 27, 44, 33, 3, '2024-11-20');
INSERT INTO `master_schedule` VALUES (160, 27, 44, 12, 3, '2024-11-20');
INSERT INTO `master_schedule` VALUES (161, 25, 53, 39, 1, '2024-11-20');
INSERT INTO `master_schedule` VALUES (162, 25, 53, 11, 1, '2024-11-20');
INSERT INTO `master_schedule` VALUES (163, 25, 53, 18, 1, '2024-11-20');
INSERT INTO `master_schedule` VALUES (164, 25, 53, 21, 1, '2024-11-20');
INSERT INTO `master_schedule` VALUES (165, 25, 53, 24, 1, '2024-11-20');
INSERT INTO `master_schedule` VALUES (166, 19, 53, 38, 1, '2024-11-20');
INSERT INTO `master_schedule` VALUES (167, 19, 53, 26, 1, '2024-11-20');
INSERT INTO `master_schedule` VALUES (168, 19, 53, 29, 1, '2024-11-20');
INSERT INTO `master_schedule` VALUES (169, 1, 42, 50, 1, '2024-11-18');
INSERT INTO `master_schedule` VALUES (170, 1, 42, 20, 1, '2024-11-18');
INSERT INTO `master_schedule` VALUES (171, 1, 42, 26, 1, '2024-11-18');
INSERT INTO `master_schedule` VALUES (172, 1, 42, 29, 1, '2024-11-18');
INSERT INTO `master_schedule` VALUES (173, 8, 43, 48, 2, '2024-11-18');
INSERT INTO `master_schedule` VALUES (174, 8, 43, 54, 2, '2024-11-18');
INSERT INTO `master_schedule` VALUES (175, 8, 43, 9, 2, '2024-11-18');
INSERT INTO `master_schedule` VALUES (176, 41, 46, 32, 2, '2024-11-22');
INSERT INTO `master_schedule` VALUES (177, 41, 46, 10, 2, '2024-11-22');
INSERT INTO `master_schedule` VALUES (178, 41, 46, 25, 2, '2024-11-22');
INSERT INTO `master_schedule` VALUES (179, 41, 46, 30, 2, '2024-11-22');
INSERT INTO `master_schedule` VALUES (180, 41, 46, 31, 2, '2024-11-22');
INSERT INTO `master_schedule` VALUES (700, 194, 46, 2, 2, '2024-12-15');
INSERT INTO `master_schedule` VALUES (701, 194, 46, 9, 2, '2024-12-15');
INSERT INTO `master_schedule` VALUES (702, 194, 46, 151, 2, '2024-12-15');
INSERT INTO `master_schedule` VALUES (703, 194, 46, 28, 2, '2024-12-15');
INSERT INTO `master_schedule` VALUES (704, 194, 46, 168, 2, '2024-12-15');
INSERT INTO `master_schedule` VALUES (705, 194, 46, 172, 2, '2024-12-15');
INSERT INTO `master_schedule` VALUES (706, 194, 46, 50, 2, '2024-12-15');
INSERT INTO `master_schedule` VALUES (707, 194, 46, 179, 2, '2024-12-15');
INSERT INTO `master_schedule` VALUES (708, 194, 46, 188, 2, '2024-12-15');
INSERT INTO `master_schedule` VALUES (709, 178, 44, 162, 3, '2024-12-13');
INSERT INTO `master_schedule` VALUES (710, 178, 44, 164, 3, '2024-12-13');
INSERT INTO `master_schedule` VALUES (711, 178, 44, 13, 3, '2024-12-13');
INSERT INTO `master_schedule` VALUES (712, 178, 44, 152, 3, '2024-12-13');
INSERT INTO `master_schedule` VALUES (713, 178, 44, 154, 3, '2024-12-13');
INSERT INTO `master_schedule` VALUES (714, 147, 46, 161, 2, '2024-12-10');
INSERT INTO `master_schedule` VALUES (715, 147, 46, 2, 2, '2024-12-10');
INSERT INTO `master_schedule` VALUES (716, 147, 46, 9, 2, '2024-12-10');
INSERT INTO `master_schedule` VALUES (717, 147, 46, 11, 2, '2024-12-10');
INSERT INTO `master_schedule` VALUES (718, 147, 46, 14, 2, '2024-12-10');
INSERT INTO `master_schedule` VALUES (719, 147, 46, 54, 2, '2024-12-10');
INSERT INTO `master_schedule` VALUES (720, 147, 46, 159, 2, '2024-12-10');
INSERT INTO `master_schedule` VALUES (721, 163, 45, 156, 1, '2024-12-12');
INSERT INTO `master_schedule` VALUES (722, 163, 45, 31, 1, '2024-12-12');
INSERT INTO `master_schedule` VALUES (723, 163, 45, 160, 1, '2024-12-12');
INSERT INTO `master_schedule` VALUES (724, 163, 45, 161, 1, '2024-12-12');
INSERT INTO `master_schedule` VALUES (725, 163, 45, 37, 1, '2024-12-12');
INSERT INTO `master_schedule` VALUES (726, 163, 45, 174, 1, '2024-12-12');
INSERT INTO `master_schedule` VALUES (727, 163, 45, 180, 1, '2024-12-12');
INSERT INTO `master_schedule` VALUES (728, 163, 45, 184, 1, '2024-12-12');
INSERT INTO `master_schedule` VALUES (729, 163, 45, 190, 1, '2024-12-12');
INSERT INTO `master_schedule` VALUES (730, 141, 44, 20, 3, '2024-12-09');
INSERT INTO `master_schedule` VALUES (731, 141, 44, 182, 3, '2024-12-09');
INSERT INTO `master_schedule` VALUES (732, 141, 44, 153, 3, '2024-12-09');
INSERT INTO `master_schedule` VALUES (733, 141, 44, 26, 3, '2024-12-09');
INSERT INTO `master_schedule` VALUES (734, 141, 44, 155, 3, '2024-12-09');
INSERT INTO `master_schedule` VALUES (735, 141, 44, 28, 3, '2024-12-09');
INSERT INTO `master_schedule` VALUES (736, 141, 44, 190, 3, '2024-12-09');
INSERT INTO `master_schedule` VALUES (737, 188, 44, 16, 3, '2024-12-14');
INSERT INTO `master_schedule` VALUES (738, 188, 44, 22, 3, '2024-12-14');
INSERT INTO `master_schedule` VALUES (739, 188, 44, 23, 3, '2024-12-14');
INSERT INTO `master_schedule` VALUES (740, 188, 44, 24, 3, '2024-12-14');
INSERT INTO `master_schedule` VALUES (741, 156, 43, 37, 2, '2024-12-11');
INSERT INTO `master_schedule` VALUES (742, 156, 43, 170, 2, '2024-12-11');
INSERT INTO `master_schedule` VALUES (743, 156, 43, 177, 2, '2024-12-11');
INSERT INTO `master_schedule` VALUES (744, 156, 43, 25, 2, '2024-12-11');
INSERT INTO `master_schedule` VALUES (745, 139, 43, 33, 2, '2024-12-09');
INSERT INTO `master_schedule` VALUES (746, 139, 43, 174, 2, '2024-12-09');
INSERT INTO `master_schedule` VALUES (747, 139, 43, 17, 2, '2024-12-09');
INSERT INTO `master_schedule` VALUES (748, 139, 43, 155, 2, '2024-12-09');
INSERT INTO `master_schedule` VALUES (749, 139, 43, 29, 2, '2024-12-09');
INSERT INTO `master_schedule` VALUES (750, 139, 43, 31, 2, '2024-12-09');
INSERT INTO `master_schedule` VALUES (751, 195, 51, 12, 3, '2024-12-15');
INSERT INTO `master_schedule` VALUES (752, 195, 51, 26, 3, '2024-12-15');
INSERT INTO `master_schedule` VALUES (753, 195, 51, 157, 3, '2024-12-15');
INSERT INTO `master_schedule` VALUES (754, 195, 51, 165, 3, '2024-12-15');
INSERT INTO `master_schedule` VALUES (755, 195, 51, 167, 3, '2024-12-15');
INSERT INTO `master_schedule` VALUES (756, 195, 51, 170, 3, '2024-12-15');
INSERT INTO `master_schedule` VALUES (757, 195, 51, 177, 3, '2024-12-15');
INSERT INTO `master_schedule` VALUES (758, 195, 51, 186, 3, '2024-12-15');
INSERT INTO `master_schedule` VALUES (759, 143, 44, 168, 3, '2024-12-09');
INSERT INTO `master_schedule` VALUES (760, 143, 44, 179, 3, '2024-12-09');
INSERT INTO `master_schedule` VALUES (761, 143, 44, 182, 3, '2024-12-09');
INSERT INTO `master_schedule` VALUES (762, 143, 44, 186, 3, '2024-12-09');
INSERT INTO `master_schedule` VALUES (763, 143, 44, 28, 3, '2024-12-09');
INSERT INTO `master_schedule` VALUES (764, 158, 43, 162, 2, '2024-12-11');
INSERT INTO `master_schedule` VALUES (765, 158, 43, 37, 2, '2024-12-11');
INSERT INTO `master_schedule` VALUES (766, 158, 43, 171, 2, '2024-12-11');
INSERT INTO `master_schedule` VALUES (767, 158, 43, 18, 2, '2024-12-11');
INSERT INTO `master_schedule` VALUES (768, 158, 43, 179, 2, '2024-12-11');
INSERT INTO `master_schedule` VALUES (769, 158, 43, 181, 2, '2024-12-11');
INSERT INTO `master_schedule` VALUES (770, 158, 43, 187, 2, '2024-12-11');
INSERT INTO `master_schedule` VALUES (771, 158, 43, 29, 2, '2024-12-11');
INSERT INTO `master_schedule` VALUES (772, 157, 46, 33, 2, '2024-12-11');
INSERT INTO `master_schedule` VALUES (773, 157, 46, 174, 2, '2024-12-11');
INSERT INTO `master_schedule` VALUES (774, 157, 46, 17, 2, '2024-12-11');
INSERT INTO `master_schedule` VALUES (775, 157, 46, 179, 2, '2024-12-11');
INSERT INTO `master_schedule` VALUES (776, 157, 46, 155, 2, '2024-12-11');
INSERT INTO `master_schedule` VALUES (777, 157, 46, 29, 2, '2024-12-11');
INSERT INTO `master_schedule` VALUES (778, 157, 46, 31, 2, '2024-12-11');
INSERT INTO `master_schedule` VALUES (779, 155, 45, 176, 1, '2024-12-11');
INSERT INTO `master_schedule` VALUES (780, 155, 45, 163, 1, '2024-12-11');
INSERT INTO `master_schedule` VALUES (781, 145, 42, 160, 1, '2024-12-10');
INSERT INTO `master_schedule` VALUES (782, 145, 42, 161, 1, '2024-12-10');
INSERT INTO `master_schedule` VALUES (783, 145, 42, 190, 1, '2024-12-10');
INSERT INTO `master_schedule` VALUES (784, 145, 42, 48, 1, '2024-12-10');
INSERT INTO `master_schedule` VALUES (785, 145, 42, 180, 1, '2024-12-10');
INSERT INTO `master_schedule` VALUES (786, 145, 42, 184, 1, '2024-12-10');
INSERT INTO `master_schedule` VALUES (787, 145, 42, 156, 1, '2024-12-10');
INSERT INTO `master_schedule` VALUES (788, 145, 42, 158, 1, '2024-12-10');
INSERT INTO `master_schedule` VALUES (789, 136, 42, 164, 1, '2024-12-09');
INSERT INTO `master_schedule` VALUES (790, 136, 42, 169, 1, '2024-12-09');
INSERT INTO `master_schedule` VALUES (791, 136, 42, 173, 1, '2024-12-09');
INSERT INTO `master_schedule` VALUES (792, 136, 42, 152, 1, '2024-12-09');
INSERT INTO `master_schedule` VALUES (793, 136, 42, 184, 1, '2024-12-09');
INSERT INTO `master_schedule` VALUES (794, 136, 42, 27, 1, '2024-12-09');
INSERT INTO `master_schedule` VALUES (795, 136, 42, 156, 1, '2024-12-09');
INSERT INTO `master_schedule` VALUES (796, 136, 42, 190, 1, '2024-12-09');
INSERT INTO `master_schedule` VALUES (797, 189, 45, 11, 1, '2024-12-15');
INSERT INTO `master_schedule` VALUES (798, 189, 45, 14, 1, '2024-12-15');
INSERT INTO `master_schedule` VALUES (799, 189, 45, 176, 1, '2024-12-15');
INSERT INTO `master_schedule` VALUES (800, 189, 45, 19, 1, '2024-12-15');
INSERT INTO `master_schedule` VALUES (801, 189, 45, 23, 1, '2024-12-15');
INSERT INTO `master_schedule` VALUES (802, 189, 45, 24, 1, '2024-12-15');
INSERT INTO `master_schedule` VALUES (803, 189, 45, 25, 1, '2024-12-15');
INSERT INTO `master_schedule` VALUES (804, 189, 45, 30, 1, '2024-12-15');
INSERT INTO `master_schedule` VALUES (805, 189, 45, 191, 1, '2024-12-15');
INSERT INTO `master_schedule` VALUES (806, 174, 43, 34, 2, '2024-12-13');
INSERT INTO `master_schedule` VALUES (807, 174, 43, 166, 2, '2024-12-13');
INSERT INTO `master_schedule` VALUES (808, 174, 43, 39, 2, '2024-12-13');
INSERT INTO `master_schedule` VALUES (809, 174, 43, 170, 2, '2024-12-13');
INSERT INTO `master_schedule` VALUES (810, 174, 43, 16, 2, '2024-12-13');
INSERT INTO `master_schedule` VALUES (811, 174, 43, 178, 2, '2024-12-13');
INSERT INTO `master_schedule` VALUES (812, 174, 43, 21, 2, '2024-12-13');
INSERT INTO `master_schedule` VALUES (813, 174, 43, 25, 2, '2024-12-13');
INSERT INTO `master_schedule` VALUES (814, 174, 43, 189, 2, '2024-12-13');
INSERT INTO `master_schedule` VALUES (815, 168, 47, 161, 3, '2024-12-12');
INSERT INTO `master_schedule` VALUES (816, 168, 47, 20, 3, '2024-12-12');
INSERT INTO `master_schedule` VALUES (817, 168, 47, 54, 3, '2024-12-12');
INSERT INTO `master_schedule` VALUES (818, 168, 47, 159, 3, '2024-12-12');
INSERT INTO `master_schedule` VALUES (819, 192, 43, 161, 2, '2024-12-15');
INSERT INTO `master_schedule` VALUES (820, 192, 43, 34, 2, '2024-12-15');
INSERT INTO `master_schedule` VALUES (821, 192, 43, 39, 2, '2024-12-15');
INSERT INTO `master_schedule` VALUES (822, 192, 43, 24, 2, '2024-12-15');
INSERT INTO `master_schedule` VALUES (823, 192, 43, 11, 2, '2024-12-15');
INSERT INTO `master_schedule` VALUES (824, 181, 53, 38, 1, '2024-12-14');
INSERT INTO `master_schedule` VALUES (825, 181, 53, 169, 1, '2024-12-14');
INSERT INTO `master_schedule` VALUES (826, 181, 53, 27, 1, '2024-12-14');
INSERT INTO `master_schedule` VALUES (827, 181, 53, 173, 1, '2024-12-14');
INSERT INTO `master_schedule` VALUES (828, 181, 53, 175, 1, '2024-12-14');
INSERT INTO `master_schedule` VALUES (829, 140, 43, 33, 2, '2024-12-09');
INSERT INTO `master_schedule` VALUES (830, 140, 43, 50, 2, '2024-12-09');
INSERT INTO `master_schedule` VALUES (831, 140, 43, 151, 2, '2024-12-09');
INSERT INTO `master_schedule` VALUES (832, 140, 43, 155, 2, '2024-12-09');
INSERT INTO `master_schedule` VALUES (833, 140, 43, 29, 2, '2024-12-09');
INSERT INTO `master_schedule` VALUES (834, 185, 43, 185, 2, '2024-12-14');
INSERT INTO `master_schedule` VALUES (835, 185, 43, 38, 2, '2024-12-14');
INSERT INTO `master_schedule` VALUES (836, 185, 43, 166, 2, '2024-12-14');
INSERT INTO `master_schedule` VALUES (837, 185, 43, 169, 2, '2024-12-14');
INSERT INTO `master_schedule` VALUES (838, 185, 43, 171, 2, '2024-12-14');
INSERT INTO `master_schedule` VALUES (839, 185, 43, 18, 2, '2024-12-14');
INSERT INTO `master_schedule` VALUES (840, 185, 43, 178, 2, '2024-12-14');
INSERT INTO `master_schedule` VALUES (841, 185, 43, 151, 2, '2024-12-14');
INSERT INTO `master_schedule` VALUES (842, 197, 51, 162, 3, '2024-12-15');
INSERT INTO `master_schedule` VALUES (843, 197, 51, 18, 3, '2024-12-15');
INSERT INTO `master_schedule` VALUES (844, 197, 51, 170, 3, '2024-12-15');
INSERT INTO `master_schedule` VALUES (845, 197, 51, 171, 3, '2024-12-15');
INSERT INTO `master_schedule` VALUES (846, 197, 51, 187, 3, '2024-12-15');
INSERT INTO `master_schedule` VALUES (847, 176, 46, 48, 2, '2024-12-13');
INSERT INTO `master_schedule` VALUES (848, 176, 46, 146, 2, '2024-12-13');
INSERT INTO `master_schedule` VALUES (849, 176, 46, 50, 2, '2024-12-13');
INSERT INTO `master_schedule` VALUES (850, 176, 46, 54, 2, '2024-12-13');
INSERT INTO `master_schedule` VALUES (851, 160, 44, 162, 3, '2024-12-11');
INSERT INTO `master_schedule` VALUES (852, 160, 44, 37, 3, '2024-12-11');
INSERT INTO `master_schedule` VALUES (853, 160, 44, 167, 3, '2024-12-11');
INSERT INTO `master_schedule` VALUES (854, 160, 44, 10, 3, '2024-12-11');
INSERT INTO `master_schedule` VALUES (855, 160, 44, 13, 3, '2024-12-11');
INSERT INTO `master_schedule` VALUES (856, 160, 44, 154, 3, '2024-12-11');
INSERT INTO `master_schedule` VALUES (857, 160, 44, 187, 3, '2024-12-11');
INSERT INTO `master_schedule` VALUES (858, 175, 46, 163, 2, '2024-12-13');
INSERT INTO `master_schedule` VALUES (859, 175, 46, 166, 2, '2024-12-13');
INSERT INTO `master_schedule` VALUES (860, 175, 46, 10, 2, '2024-12-13');
INSERT INTO `master_schedule` VALUES (861, 175, 46, 175, 2, '2024-12-13');
INSERT INTO `master_schedule` VALUES (862, 175, 46, 178, 2, '2024-12-13');
INSERT INTO `master_schedule` VALUES (863, 175, 46, 21, 2, '2024-12-13');
INSERT INTO `master_schedule` VALUES (864, 175, 46, 185, 2, '2024-12-13');
INSERT INTO `master_schedule` VALUES (865, 175, 46, 189, 2, '2024-12-13');
INSERT INTO `master_schedule` VALUES (866, 175, 46, 191, 2, '2024-12-13');
INSERT INTO `master_schedule` VALUES (867, 182, 53, 187, 1, '2024-12-14');
INSERT INTO `master_schedule` VALUES (868, 182, 53, 146, 1, '2024-12-14');
INSERT INTO `master_schedule` VALUES (869, 182, 53, 52, 1, '2024-12-14');
INSERT INTO `master_schedule` VALUES (870, 182, 53, 181, 1, '2024-12-14');
INSERT INTO `master_schedule` VALUES (871, 182, 53, 27, 1, '2024-12-14');
INSERT INTO `master_schedule` VALUES (872, 182, 53, 157, 1, '2024-12-14');
INSERT INTO `master_schedule` VALUES (873, 166, 46, 169, 2, '2024-12-12');
INSERT INTO `master_schedule` VALUES (874, 166, 46, 38, 2, '2024-12-12');
INSERT INTO `master_schedule` VALUES (875, 169, 44, 18, 3, '2024-12-12');
INSERT INTO `master_schedule` VALUES (876, 169, 44, 164, 3, '2024-12-12');
INSERT INTO `master_schedule` VALUES (877, 169, 44, 10, 3, '2024-12-12');
INSERT INTO `master_schedule` VALUES (878, 159, 51, 34, 3, '2024-12-11');
INSERT INTO `master_schedule` VALUES (879, 159, 51, 39, 3, '2024-12-11');
INSERT INTO `master_schedule` VALUES (880, 159, 51, 16, 3, '2024-12-11');
INSERT INTO `master_schedule` VALUES (881, 159, 51, 22, 3, '2024-12-11');
INSERT INTO `master_schedule` VALUES (882, 159, 51, 23, 3, '2024-12-11');
INSERT INTO `master_schedule` VALUES (883, 159, 51, 26, 3, '2024-12-11');
INSERT INTO `master_schedule` VALUES (884, 196, 51, 174, 3, '2024-12-15');
INSERT INTO `master_schedule` VALUES (885, 196, 51, 13, 3, '2024-12-15');
INSERT INTO `master_schedule` VALUES (886, 196, 51, 180, 3, '2024-12-15');
INSERT INTO `master_schedule` VALUES (887, 196, 51, 152, 3, '2024-12-15');
INSERT INTO `master_schedule` VALUES (888, 196, 51, 154, 3, '2024-12-15');
INSERT INTO `master_schedule` VALUES (889, 196, 51, 190, 3, '2024-12-15');
INSERT INTO `master_schedule` VALUES (890, 196, 51, 158, 3, '2024-12-15');
INSERT INTO `master_schedule` VALUES (891, 162, 45, 182, 1, '2024-12-12');
INSERT INTO `master_schedule` VALUES (892, 162, 45, 183, 1, '2024-12-12');
INSERT INTO `master_schedule` VALUES (893, 162, 45, 12, 1, '2024-12-12');
INSERT INTO `master_schedule` VALUES (894, 137, 45, 172, 1, '2024-12-09');
INSERT INTO `master_schedule` VALUES (895, 137, 45, 48, 1, '2024-12-09');
INSERT INTO `master_schedule` VALUES (896, 137, 45, 146, 1, '2024-12-09');
INSERT INTO `master_schedule` VALUES (897, 137, 45, 184, 1, '2024-12-09');
INSERT INTO `master_schedule` VALUES (898, 137, 45, 159, 1, '2024-12-09');
INSERT INTO `master_schedule` VALUES (899, 164, 53, 165, 1, '2024-12-12');
INSERT INTO `master_schedule` VALUES (900, 164, 53, 176, 1, '2024-12-12');
INSERT INTO `master_schedule` VALUES (901, 164, 53, 18, 1, '2024-12-12');
INSERT INTO `master_schedule` VALUES (902, 164, 53, 19, 1, '2024-12-12');
INSERT INTO `master_schedule` VALUES (903, 164, 53, 22, 1, '2024-12-12');
INSERT INTO `master_schedule` VALUES (904, 164, 53, 23, 1, '2024-12-12');
INSERT INTO `master_schedule` VALUES (905, 164, 53, 191, 1, '2024-12-12');
INSERT INTO `master_schedule` VALUES (906, 135, 53, 177, 1, '2024-12-09');
INSERT INTO `master_schedule` VALUES (907, 135, 53, 19, 1, '2024-12-09');
INSERT INTO `master_schedule` VALUES (908, 135, 53, 159, 1, '2024-12-09');
INSERT INTO `master_schedule` VALUES (909, 183, 43, 38, 2, '2024-12-14');
INSERT INTO `master_schedule` VALUES (910, 183, 43, 169, 2, '2024-12-14');
INSERT INTO `master_schedule` VALUES (911, 183, 43, 12, 2, '2024-12-14');
INSERT INTO `master_schedule` VALUES (912, 183, 43, 177, 2, '2024-12-14');
INSERT INTO `master_schedule` VALUES (913, 183, 43, 151, 2, '2024-12-14');
INSERT INTO `master_schedule` VALUES (914, 183, 43, 153, 2, '2024-12-14');
INSERT INTO `master_schedule` VALUES (915, 183, 43, 29, 2, '2024-12-14');
INSERT INTO `master_schedule` VALUES (916, 183, 43, 183, 2, '2024-12-14');
INSERT INTO `master_schedule` VALUES (917, 142, 51, 34, 3, '2024-12-09');
INSERT INTO `master_schedule` VALUES (918, 142, 51, 165, 3, '2024-12-09');
INSERT INTO `master_schedule` VALUES (919, 142, 51, 39, 3, '2024-12-09');
INSERT INTO `master_schedule` VALUES (920, 142, 51, 11, 3, '2024-12-09');
INSERT INTO `master_schedule` VALUES (921, 142, 51, 13, 3, '2024-12-09');
INSERT INTO `master_schedule` VALUES (922, 142, 51, 21, 3, '2024-12-09');
INSERT INTO `master_schedule` VALUES (923, 142, 51, 24, 3, '2024-12-09');
INSERT INTO `master_schedule` VALUES (924, 142, 51, 189, 3, '2024-12-09');
INSERT INTO `master_schedule` VALUES (925, 142, 51, 191, 3, '2024-12-09');
INSERT INTO `master_schedule` VALUES (926, 172, 42, 34, 1, '2024-12-13');
INSERT INTO `master_schedule` VALUES (927, 172, 42, 39, 1, '2024-12-13');
INSERT INTO `master_schedule` VALUES (928, 172, 42, 11, 1, '2024-12-13');
INSERT INTO `master_schedule` VALUES (929, 172, 42, 173, 1, '2024-12-13');
INSERT INTO `master_schedule` VALUES (930, 172, 42, 14, 1, '2024-12-13');
INSERT INTO `master_schedule` VALUES (931, 172, 42, 23, 1, '2024-12-13');
INSERT INTO `master_schedule` VALUES (932, 172, 42, 24, 1, '2024-12-13');
INSERT INTO `master_schedule` VALUES (933, 152, 51, 168, 3, '2024-12-10');
INSERT INTO `master_schedule` VALUES (934, 152, 51, 172, 3, '2024-12-10');
INSERT INTO `master_schedule` VALUES (935, 152, 51, 17, 3, '2024-12-10');
INSERT INTO `master_schedule` VALUES (936, 152, 51, 50, 3, '2024-12-10');
INSERT INTO `master_schedule` VALUES (937, 152, 51, 180, 3, '2024-12-10');
INSERT INTO `master_schedule` VALUES (938, 152, 51, 151, 3, '2024-12-10');
INSERT INTO `master_schedule` VALUES (939, 152, 51, 28, 3, '2024-12-10');
INSERT INTO `master_schedule` VALUES (940, 152, 51, 158, 3, '2024-12-10');
INSERT INTO `master_schedule` VALUES (941, 193, 43, 165, 2, '2024-12-15');
INSERT INTO `master_schedule` VALUES (942, 193, 43, 10, 2, '2024-12-15');
INSERT INTO `master_schedule` VALUES (943, 193, 43, 178, 2, '2024-12-15');
INSERT INTO `master_schedule` VALUES (944, 193, 43, 185, 2, '2024-12-15');
INSERT INTO `master_schedule` VALUES (945, 193, 43, 189, 2, '2024-12-15');
INSERT INTO `master_schedule` VALUES (946, 193, 43, 191, 2, '2024-12-15');
INSERT INTO `master_schedule` VALUES (947, 179, 44, 164, 3, '2024-12-13');
INSERT INTO `master_schedule` VALUES (948, 179, 44, 152, 3, '2024-12-13');
INSERT INTO `master_schedule` VALUES (949, 179, 44, 27, 3, '2024-12-13');
INSERT INTO `master_schedule` VALUES (950, 151, 47, 17, 3, '2024-12-10');
INSERT INTO `master_schedule` VALUES (951, 151, 47, 33, 3, '2024-12-10');
INSERT INTO `master_schedule` VALUES (952, 151, 47, 155, 3, '2024-12-10');
INSERT INTO `master_schedule` VALUES (953, 165, 43, 37, 2, '2024-12-12');
INSERT INTO `master_schedule` VALUES (954, 165, 43, 38, 2, '2024-12-12');
INSERT INTO `master_schedule` VALUES (955, 165, 43, 153, 2, '2024-12-12');
INSERT INTO `master_schedule` VALUES (956, 165, 43, 31, 2, '2024-12-12');
INSERT INTO `master_schedule` VALUES (957, 149, 43, 167, 2, '2024-12-10');
INSERT INTO `master_schedule` VALUES (958, 149, 43, 171, 2, '2024-12-10');
INSERT INTO `master_schedule` VALUES (959, 149, 43, 175, 2, '2024-12-10');
INSERT INTO `master_schedule` VALUES (960, 191, 53, 19, 1, '2024-12-15');
INSERT INTO `master_schedule` VALUES (961, 191, 53, 181, 1, '2024-12-15');
INSERT INTO `master_schedule` VALUES (962, 191, 53, 22, 1, '2024-12-15');
INSERT INTO `master_schedule` VALUES (963, 191, 53, 157, 1, '2024-12-15');
INSERT INTO `master_schedule` VALUES (964, 177, 44, 164, 3, '2024-12-13');
INSERT INTO `master_schedule` VALUES (965, 177, 44, 177, 3, '2024-12-13');
INSERT INTO `master_schedule` VALUES (966, 177, 44, 182, 3, '2024-12-13');
INSERT INTO `master_schedule` VALUES (967, 177, 44, 183, 3, '2024-12-13');
INSERT INTO `master_schedule` VALUES (968, 177, 44, 152, 3, '2024-12-13');
INSERT INTO `master_schedule` VALUES (969, 177, 44, 153, 3, '2024-12-13');
INSERT INTO `master_schedule` VALUES (970, 177, 44, 186, 3, '2024-12-13');
INSERT INTO `master_schedule` VALUES (971, 177, 44, 188, 3, '2024-12-13');
INSERT INTO `master_schedule` VALUES (972, 148, 43, 163, 2, '2024-12-10');
INSERT INTO `master_schedule` VALUES (973, 148, 43, 166, 2, '2024-12-10');
INSERT INTO `master_schedule` VALUES (974, 148, 43, 174, 2, '2024-12-10');
INSERT INTO `master_schedule` VALUES (975, 148, 43, 175, 2, '2024-12-10');
INSERT INTO `master_schedule` VALUES (976, 161, 51, 168, 3, '2024-12-11');
INSERT INTO `master_schedule` VALUES (977, 161, 51, 172, 3, '2024-12-11');
INSERT INTO `master_schedule` VALUES (978, 161, 51, 146, 3, '2024-12-11');
INSERT INTO `master_schedule` VALUES (979, 161, 51, 188, 3, '2024-12-11');
INSERT INTO `master_schedule` VALUES (980, 161, 51, 26, 3, '2024-12-11');
INSERT INTO `master_schedule` VALUES (981, 161, 51, 28, 3, '2024-12-11');
INSERT INTO `master_schedule` VALUES (982, 187, 51, 160, 3, '2024-12-14');
INSERT INTO `master_schedule` VALUES (983, 187, 51, 158, 3, '2024-12-14');
INSERT INTO `master_schedule` VALUES (984, 150, 44, 186, 3, '2024-12-10');
INSERT INTO `master_schedule` VALUES (985, 150, 44, 17, 3, '2024-12-10');
INSERT INTO `master_schedule` VALUES (986, 150, 44, 20, 3, '2024-12-10');
INSERT INTO `master_schedule` VALUES (987, 150, 44, 180, 3, '2024-12-10');
INSERT INTO `master_schedule` VALUES (988, 150, 44, 182, 3, '2024-12-10');
INSERT INTO `master_schedule` VALUES (989, 150, 44, 153, 3, '2024-12-10');
INSERT INTO `master_schedule` VALUES (990, 150, 44, 26, 3, '2024-12-10');
INSERT INTO `master_schedule` VALUES (991, 150, 44, 188, 3, '2024-12-10');
INSERT INTO `master_schedule` VALUES (992, 150, 44, 158, 3, '2024-12-10');
INSERT INTO `master_schedule` VALUES (993, 171, 42, 176, 1, '2024-12-13');
INSERT INTO `master_schedule` VALUES (994, 171, 42, 52, 1, '2024-12-13');
INSERT INTO `master_schedule` VALUES (995, 171, 42, 54, 1, '2024-12-13');
INSERT INTO `master_schedule` VALUES (996, 186, 47, 160, 3, '2024-12-14');
INSERT INTO `master_schedule` VALUES (997, 186, 47, 186, 3, '2024-12-14');
INSERT INTO `master_schedule` VALUES (998, 186, 47, 20, 3, '2024-12-14');
INSERT INTO `master_schedule` VALUES (999, 186, 47, 54, 3, '2024-12-14');
INSERT INTO `master_schedule` VALUES (1000, 186, 47, 159, 3, '2024-12-14');
INSERT INTO `master_schedule` VALUES (1001, 144, 53, 183, 1, '2024-12-10');
INSERT INTO `master_schedule` VALUES (1002, 144, 53, 12, 1, '2024-12-10');
INSERT INTO `master_schedule` VALUES (1003, 180, 42, 176, 1, '2024-12-14');
INSERT INTO `master_schedule` VALUES (1004, 180, 42, 16, 1, '2024-12-14');
INSERT INTO `master_schedule` VALUES (1005, 180, 42, 52, 1, '2024-12-14');
INSERT INTO `master_schedule` VALUES (1006, 180, 42, 25, 1, '2024-12-14');
INSERT INTO `master_schedule` VALUES (1007, 180, 42, 157, 1, '2024-12-14');
INSERT INTO `master_schedule` VALUES (1008, 153, 42, 167, 1, '2024-12-11');
INSERT INTO `master_schedule` VALUES (1009, 153, 42, 12, 1, '2024-12-11');
INSERT INTO `master_schedule` VALUES (1010, 153, 42, 52, 1, '2024-12-11');
INSERT INTO `master_schedule` VALUES (1011, 153, 42, 181, 1, '2024-12-11');
INSERT INTO `master_schedule` VALUES (1012, 153, 42, 154, 1, '2024-12-11');
INSERT INTO `master_schedule` VALUES (1013, 153, 42, 157, 1, '2024-12-11');
INSERT INTO `master_schedule` VALUES (1014, 190, 53, 160, 1, '2024-12-15');
INSERT INTO `master_schedule` VALUES (1015, 190, 53, 33, 1, '2024-12-15');
INSERT INTO `master_schedule` VALUES (1016, 190, 53, 2, 1, '2024-12-15');
INSERT INTO `master_schedule` VALUES (1017, 190, 53, 9, 1, '2024-12-15');
INSERT INTO `master_schedule` VALUES (1018, 190, 53, 173, 1, '2024-12-15');
INSERT INTO `master_schedule` VALUES (1019, 190, 53, 175, 1, '2024-12-15');
INSERT INTO `master_schedule` VALUES (1020, 190, 53, 184, 1, '2024-12-15');
INSERT INTO `master_schedule` VALUES (1021, 190, 53, 156, 1, '2024-12-15');
INSERT INTO `master_schedule` VALUES (1022, 190, 53, 31, 1, '2024-12-15');
INSERT INTO `master_schedule` VALUES (1023, 138, 43, 167, 2, '2024-12-09');
INSERT INTO `master_schedule` VALUES (1024, 138, 43, 25, 2, '2024-12-09');
INSERT INTO `master_schedule` VALUES (1025, 138, 43, 170, 2, '2024-12-09');
INSERT INTO `master_schedule` VALUES (1026, 154, 53, 163, 1, '2024-12-11');
INSERT INTO `master_schedule` VALUES (1027, 154, 53, 173, 1, '2024-12-11');
INSERT INTO `master_schedule` VALUES (1028, 154, 53, 19, 1, '2024-12-11');
INSERT INTO `master_schedule` VALUES (1029, 154, 53, 21, 1, '2024-12-11');
INSERT INTO `master_schedule` VALUES (1030, 154, 53, 22, 1, '2024-12-11');
INSERT INTO `master_schedule` VALUES (1031, 154, 53, 185, 1, '2024-12-11');
INSERT INTO `master_schedule` VALUES (1032, 154, 53, 156, 1, '2024-12-11');
INSERT INTO `master_schedule` VALUES (1033, 154, 53, 189, 1, '2024-12-11');
INSERT INTO `master_schedule` VALUES (1034, 146, 42, 48, 1, '2024-12-10');
INSERT INTO `master_schedule` VALUES (1035, 146, 42, 179, 1, '2024-12-10');
INSERT INTO `master_schedule` VALUES (1036, 146, 42, 183, 1, '2024-12-10');
INSERT INTO `master_schedule` VALUES (1037, 146, 42, 27, 1, '2024-12-10');
INSERT INTO `master_schedule` VALUES (1038, 146, 42, 188, 1, '2024-12-10');
INSERT INTO `master_schedule` VALUES (1039, 184, 46, 163, 2, '2024-12-14');
INSERT INTO `master_schedule` VALUES (1040, 184, 46, 165, 2, '2024-12-14');
INSERT INTO `master_schedule` VALUES (1041, 184, 46, 166, 2, '2024-12-14');
INSERT INTO `master_schedule` VALUES (1042, 184, 46, 10, 2, '2024-12-14');
INSERT INTO `master_schedule` VALUES (1043, 184, 46, 171, 2, '2024-12-14');
INSERT INTO `master_schedule` VALUES (1044, 184, 46, 13, 2, '2024-12-14');
INSERT INTO `master_schedule` VALUES (1045, 184, 46, 178, 2, '2024-12-14');
INSERT INTO `master_schedule` VALUES (1046, 184, 46, 185, 2, '2024-12-14');
INSERT INTO `master_schedule` VALUES (1047, 170, 51, 168, 3, '2024-12-12');
INSERT INTO `master_schedule` VALUES (1048, 170, 51, 172, 3, '2024-12-12');
INSERT INTO `master_schedule` VALUES (1049, 170, 51, 48, 3, '2024-12-12');
INSERT INTO `master_schedule` VALUES (1050, 170, 51, 146, 3, '2024-12-12');
INSERT INTO `master_schedule` VALUES (1051, 170, 51, 50, 3, '2024-12-12');
INSERT INTO `master_schedule` VALUES (1052, 170, 51, 20, 3, '2024-12-12');
INSERT INTO `master_schedule` VALUES (1053, 167, 43, 16, 2, '2024-12-12');
INSERT INTO `master_schedule` VALUES (1054, 167, 43, 21, 2, '2024-12-12');
INSERT INTO `master_schedule` VALUES (1055, 173, 42, 162, 1, '2024-12-13');
INSERT INTO `master_schedule` VALUES (1056, 173, 42, 52, 1, '2024-12-13');
INSERT INTO `master_schedule` VALUES (1057, 173, 42, 181, 1, '2024-12-13');
INSERT INTO `master_schedule` VALUES (1058, 173, 42, 154, 1, '2024-12-13');
INSERT INTO `master_schedule` VALUES (1059, 173, 42, 187, 1, '2024-12-13');
INSERT INTO `master_schedule` VALUES (1060, 86, 43, 161, 2, '2024-12-17');
INSERT INTO `master_schedule` VALUES (1061, 86, 43, 50, 2, '2024-12-17');
INSERT INTO `master_schedule` VALUES (1062, 99, 45, 183, 1, '2024-12-19');
INSERT INTO `master_schedule` VALUES (1063, 99, 45, 12, 1, '2024-12-19');
INSERT INTO `master_schedule` VALUES (1064, 127, 45, 177, 1, '2024-12-22');
INSERT INTO `master_schedule` VALUES (1065, 127, 45, 173, 1, '2024-12-22');
INSERT INTO `master_schedule` VALUES (1066, 108, 53, 9, 1, '2024-12-20');
INSERT INTO `master_schedule` VALUES (1067, 108, 53, 146, 1, '2024-12-20');
INSERT INTO `master_schedule` VALUES (1068, 108, 53, 54, 1, '2024-12-20');
INSERT INTO `master_schedule` VALUES (1069, 77, 43, 33, 2, '2024-12-16');
INSERT INTO `master_schedule` VALUES (1070, 77, 43, 174, 2, '2024-12-16');
INSERT INTO `master_schedule` VALUES (1071, 77, 43, 17, 2, '2024-12-16');
INSERT INTO `master_schedule` VALUES (1072, 77, 43, 179, 2, '2024-12-16');
INSERT INTO `master_schedule` VALUES (1073, 77, 43, 155, 2, '2024-12-16');
INSERT INTO `master_schedule` VALUES (1074, 77, 43, 28, 2, '2024-12-16');
INSERT INTO `master_schedule` VALUES (1075, 77, 43, 29, 2, '2024-12-16');
INSERT INTO `master_schedule` VALUES (1076, 77, 43, 31, 2, '2024-12-16');
INSERT INTO `master_schedule` VALUES (1077, 95, 43, 16, 2, '2024-12-18');
INSERT INTO `master_schedule` VALUES (1078, 95, 43, 185, 2, '2024-12-18');
INSERT INTO `master_schedule` VALUES (1079, 104, 43, 161, 2, '2024-12-19');
INSERT INTO `master_schedule` VALUES (1080, 104, 43, 168, 2, '2024-12-19');
INSERT INTO `master_schedule` VALUES (1081, 104, 43, 172, 2, '2024-12-19');
INSERT INTO `master_schedule` VALUES (1082, 104, 43, 28, 2, '2024-12-19');
INSERT INTO `master_schedule` VALUES (1083, 104, 43, 50, 2, '2024-12-19');
INSERT INTO `master_schedule` VALUES (1084, 104, 43, 151, 2, '2024-12-19');
INSERT INTO `master_schedule` VALUES (1085, 104, 43, 31, 2, '2024-12-19');
INSERT INTO `master_schedule` VALUES (1086, 94, 46, 33, 2, '2024-12-18');
INSERT INTO `master_schedule` VALUES (1087, 94, 46, 29, 2, '2024-12-18');
INSERT INTO `master_schedule` VALUES (1088, 122, 43, 160, 2, '2024-12-21');
INSERT INTO `master_schedule` VALUES (1089, 122, 43, 2, 2, '2024-12-21');
INSERT INTO `master_schedule` VALUES (1090, 122, 43, 168, 2, '2024-12-21');
INSERT INTO `master_schedule` VALUES (1091, 122, 43, 11, 2, '2024-12-21');
INSERT INTO `master_schedule` VALUES (1092, 122, 43, 172, 2, '2024-12-21');
INSERT INTO `master_schedule` VALUES (1093, 122, 43, 48, 2, '2024-12-21');
INSERT INTO `master_schedule` VALUES (1094, 122, 43, 146, 2, '2024-12-21');
INSERT INTO `master_schedule` VALUES (1095, 122, 43, 50, 2, '2024-12-21');
INSERT INTO `master_schedule` VALUES (1096, 122, 43, 151, 2, '2024-12-21');
INSERT INTO `master_schedule` VALUES (1097, 106, 51, 17, 3, '2024-12-19');
INSERT INTO `master_schedule` VALUES (1098, 106, 51, 180, 3, '2024-12-19');
INSERT INTO `master_schedule` VALUES (1099, 106, 51, 190, 3, '2024-12-19');
INSERT INTO `master_schedule` VALUES (1100, 85, 43, 33, 2, '2024-12-17');
INSERT INTO `master_schedule` VALUES (1101, 85, 43, 174, 2, '2024-12-17');
INSERT INTO `master_schedule` VALUES (1102, 85, 43, 175, 2, '2024-12-17');
INSERT INTO `master_schedule` VALUES (1103, 85, 43, 17, 2, '2024-12-17');
INSERT INTO `master_schedule` VALUES (1104, 85, 43, 155, 2, '2024-12-17');
INSERT INTO `master_schedule` VALUES (1105, 78, 47, 167, 3, '2024-12-16');
INSERT INTO `master_schedule` VALUES (1106, 78, 47, 170, 3, '2024-12-16');
INSERT INTO `master_schedule` VALUES (1107, 78, 47, 13, 3, '2024-12-16');
INSERT INTO `master_schedule` VALUES (1108, 78, 47, 18, 3, '2024-12-16');
INSERT INTO `master_schedule` VALUES (1109, 78, 47, 20, 3, '2024-12-16');
INSERT INTO `master_schedule` VALUES (1110, 78, 47, 182, 3, '2024-12-16');
INSERT INTO `master_schedule` VALUES (1111, 78, 47, 186, 3, '2024-12-16');
INSERT INTO `master_schedule` VALUES (1112, 78, 47, 157, 3, '2024-12-16');
INSERT INTO `master_schedule` VALUES (1113, 133, 44, 9, 3, '2024-12-22');
INSERT INTO `master_schedule` VALUES (1114, 133, 44, 180, 3, '2024-12-22');
INSERT INTO `master_schedule` VALUES (1115, 133, 44, 158, 3, '2024-12-22');
INSERT INTO `master_schedule` VALUES (1116, 133, 44, 190, 3, '2024-12-22');
INSERT INTO `master_schedule` VALUES (1117, 111, 46, 161, 2, '2024-12-20');
INSERT INTO `master_schedule` VALUES (1118, 111, 46, 186, 2, '2024-12-20');
INSERT INTO `master_schedule` VALUES (1119, 111, 46, 174, 2, '2024-12-20');
INSERT INTO `master_schedule` VALUES (1120, 111, 46, 20, 2, '2024-12-20');
INSERT INTO `master_schedule` VALUES (1121, 111, 46, 182, 2, '2024-12-20');
INSERT INTO `master_schedule` VALUES (1122, 111, 46, 183, 2, '2024-12-20');
INSERT INTO `master_schedule` VALUES (1123, 111, 46, 153, 2, '2024-12-20');
INSERT INTO `master_schedule` VALUES (1124, 111, 46, 26, 2, '2024-12-20');
INSERT INTO `master_schedule` VALUES (1125, 120, 46, 38, 2, '2024-12-21');
INSERT INTO `master_schedule` VALUES (1126, 120, 46, 12, 2, '2024-12-21');
INSERT INTO `master_schedule` VALUES (1127, 120, 46, 174, 2, '2024-12-21');
INSERT INTO `master_schedule` VALUES (1128, 120, 46, 179, 2, '2024-12-21');
INSERT INTO `master_schedule` VALUES (1129, 120, 46, 20, 2, '2024-12-21');
INSERT INTO `master_schedule` VALUES (1130, 120, 46, 151, 2, '2024-12-21');
INSERT INTO `master_schedule` VALUES (1131, 120, 46, 153, 2, '2024-12-21');
INSERT INTO `master_schedule` VALUES (1132, 120, 46, 186, 2, '2024-12-21');
INSERT INTO `master_schedule` VALUES (1133, 120, 46, 29, 2, '2024-12-21');
INSERT INTO `master_schedule` VALUES (1134, 120, 46, 183, 2, '2024-12-21');
INSERT INTO `master_schedule` VALUES (1135, 118, 42, 160, 1, '2024-12-21');
INSERT INTO `master_schedule` VALUES (1136, 118, 42, 173, 1, '2024-12-21');
INSERT INTO `master_schedule` VALUES (1137, 118, 42, 177, 1, '2024-12-21');
INSERT INTO `master_schedule` VALUES (1138, 118, 42, 178, 1, '2024-12-21');
INSERT INTO `master_schedule` VALUES (1139, 118, 42, 185, 1, '2024-12-21');
INSERT INTO `master_schedule` VALUES (1140, 118, 42, 189, 1, '2024-12-21');
INSERT INTO `master_schedule` VALUES (1141, 118, 42, 191, 1, '2024-12-21');
INSERT INTO `master_schedule` VALUES (1142, 97, 44, 9, 3, '2024-12-18');
INSERT INTO `master_schedule` VALUES (1143, 97, 44, 184, 3, '2024-12-18');
INSERT INTO `master_schedule` VALUES (1144, 107, 47, 162, 3, '2024-12-19');
INSERT INTO `master_schedule` VALUES (1145, 107, 47, 170, 3, '2024-12-19');
INSERT INTO `master_schedule` VALUES (1146, 107, 47, 188, 3, '2024-12-19');
INSERT INTO `master_schedule` VALUES (1147, 75, 46, 25, 2, '2024-12-16');
INSERT INTO `master_schedule` VALUES (1148, 75, 46, 10, 2, '2024-12-16');
INSERT INTO `master_schedule` VALUES (1149, 75, 46, 155, 2, '2024-12-16');
INSERT INTO `master_schedule` VALUES (1150, 113, 46, 166, 2, '2024-12-20');
INSERT INTO `master_schedule` VALUES (1151, 113, 46, 10, 2, '2024-12-20');
INSERT INTO `master_schedule` VALUES (1152, 113, 46, 175, 2, '2024-12-20');
INSERT INTO `master_schedule` VALUES (1153, 113, 46, 178, 2, '2024-12-20');
INSERT INTO `master_schedule` VALUES (1154, 113, 46, 25, 2, '2024-12-20');
INSERT INTO `master_schedule` VALUES (1155, 101, 45, 2, 1, '2024-12-19');
INSERT INTO `master_schedule` VALUES (1156, 101, 45, 11, 1, '2024-12-19');
INSERT INTO `master_schedule` VALUES (1157, 101, 45, 14, 1, '2024-12-19');
INSERT INTO `master_schedule` VALUES (1158, 101, 45, 15, 1, '2024-12-19');
INSERT INTO `master_schedule` VALUES (1159, 101, 45, 48, 1, '2024-12-19');
INSERT INTO `master_schedule` VALUES (1160, 101, 45, 146, 1, '2024-12-19');
INSERT INTO `master_schedule` VALUES (1161, 103, 43, 50, 2, '2024-12-19');
INSERT INTO `master_schedule` VALUES (1162, 103, 43, 156, 2, '2024-12-19');
INSERT INTO `master_schedule` VALUES (1163, 103, 43, 158, 2, '2024-12-19');
INSERT INTO `master_schedule` VALUES (1164, 84, 43, 161, 2, '2024-12-17');
INSERT INTO `master_schedule` VALUES (1165, 84, 43, 166, 2, '2024-12-17');
INSERT INTO `master_schedule` VALUES (1166, 84, 43, 175, 2, '2024-12-17');
INSERT INTO `master_schedule` VALUES (1167, 84, 43, 153, 2, '2024-12-17');
INSERT INTO `master_schedule` VALUES (1168, 84, 43, 25, 2, '2024-12-17');
INSERT INTO `master_schedule` VALUES (1169, 88, 47, 180, 3, '2024-12-17');
INSERT INTO `master_schedule` VALUES (1170, 88, 47, 158, 3, '2024-12-17');
INSERT INTO `master_schedule` VALUES (1171, 105, 44, 161, 3, '2024-12-19');
INSERT INTO `master_schedule` VALUES (1172, 105, 44, 20, 3, '2024-12-19');
INSERT INTO `master_schedule` VALUES (1173, 105, 44, 180, 3, '2024-12-19');
INSERT INTO `master_schedule` VALUES (1174, 105, 44, 54, 3, '2024-12-19');
INSERT INTO `master_schedule` VALUES (1175, 105, 44, 182, 3, '2024-12-19');
INSERT INTO `master_schedule` VALUES (1176, 105, 44, 26, 3, '2024-12-19');
INSERT INTO `master_schedule` VALUES (1177, 105, 44, 190, 3, '2024-12-19');
INSERT INTO `master_schedule` VALUES (1178, 105, 44, 159, 3, '2024-12-19');
INSERT INTO `master_schedule` VALUES (1179, 83, 45, 48, 1, '2024-12-17');
INSERT INTO `master_schedule` VALUES (1180, 83, 45, 146, 1, '2024-12-17');
INSERT INTO `master_schedule` VALUES (1181, 83, 45, 2, 1, '2024-12-17');
INSERT INTO `master_schedule` VALUES (1182, 83, 45, 159, 1, '2024-12-17');
INSERT INTO `master_schedule` VALUES (1183, 114, 44, 162, 3, '2024-12-20');
INSERT INTO `master_schedule` VALUES (1184, 114, 44, 170, 3, '2024-12-20');
INSERT INTO `master_schedule` VALUES (1185, 114, 44, 176, 3, '2024-12-20');
INSERT INTO `master_schedule` VALUES (1186, 114, 44, 178, 3, '2024-12-20');
INSERT INTO `master_schedule` VALUES (1187, 114, 44, 52, 3, '2024-12-20');
INSERT INTO `master_schedule` VALUES (1188, 114, 44, 189, 3, '2024-12-20');
INSERT INTO `master_schedule` VALUES (1189, 114, 44, 25, 3, '2024-12-20');
INSERT INTO `master_schedule` VALUES (1190, 114, 44, 157, 3, '2024-12-20');
INSERT INTO `master_schedule` VALUES (1191, 126, 53, 154, 1, '2024-12-22');
INSERT INTO `master_schedule` VALUES (1192, 126, 53, 157, 1, '2024-12-22');
INSERT INTO `master_schedule` VALUES (1193, 96, 44, 34, 3, '2024-12-18');
INSERT INTO `master_schedule` VALUES (1194, 96, 44, 16, 3, '2024-12-18');
INSERT INTO `master_schedule` VALUES (1195, 96, 44, 19, 3, '2024-12-18');
INSERT INTO `master_schedule` VALUES (1196, 96, 44, 21, 3, '2024-12-18');
INSERT INTO `master_schedule` VALUES (1197, 96, 44, 22, 3, '2024-12-18');
INSERT INTO `master_schedule` VALUES (1198, 98, 44, 168, 3, '2024-12-18');
INSERT INTO `master_schedule` VALUES (1199, 98, 44, 180, 3, '2024-12-18');
INSERT INTO `master_schedule` VALUES (1200, 128, 42, 177, 1, '2024-12-22');
INSERT INTO `master_schedule` VALUES (1201, 128, 42, 181, 1, '2024-12-22');
INSERT INTO `master_schedule` VALUES (1202, 128, 42, 154, 1, '2024-12-22');
INSERT INTO `master_schedule` VALUES (1203, 128, 42, 27, 1, '2024-12-22');
INSERT INTO `master_schedule` VALUES (1204, 128, 42, 157, 1, '2024-12-22');
INSERT INTO `master_schedule` VALUES (1205, 100, 42, 164, 1, '2024-12-19');
INSERT INTO `master_schedule` VALUES (1206, 100, 42, 169, 1, '2024-12-19');
INSERT INTO `master_schedule` VALUES (1207, 100, 42, 173, 1, '2024-12-19');
INSERT INTO `master_schedule` VALUES (1208, 100, 42, 31, 1, '2024-12-19');
INSERT INTO `master_schedule` VALUES (1209, 76, 46, 160, 2, '2024-12-16');
INSERT INTO `master_schedule` VALUES (1210, 76, 46, 190, 2, '2024-12-16');
INSERT INTO `master_schedule` VALUES (1211, 76, 46, 20, 2, '2024-12-16');
INSERT INTO `master_schedule` VALUES (1212, 76, 46, 184, 2, '2024-12-16');
INSERT INTO `master_schedule` VALUES (1213, 76, 46, 156, 2, '2024-12-16');
INSERT INTO `master_schedule` VALUES (1214, 76, 46, 158, 2, '2024-12-16');
INSERT INTO `master_schedule` VALUES (1215, 81, 53, 52, 1, '2024-12-17');
INSERT INTO `master_schedule` VALUES (1216, 81, 53, 54, 1, '2024-12-17');
INSERT INTO `master_schedule` VALUES (1217, 81, 53, 183, 1, '2024-12-17');
INSERT INTO `master_schedule` VALUES (1218, 81, 53, 157, 1, '2024-12-17');
INSERT INTO `master_schedule` VALUES (1219, 81, 53, 159, 1, '2024-12-17');
INSERT INTO `master_schedule` VALUES (1220, 73, 45, 164, 1, '2024-12-16');
INSERT INTO `master_schedule` VALUES (1221, 73, 45, 37, 1, '2024-12-16');
INSERT INTO `master_schedule` VALUES (1222, 73, 45, 38, 1, '2024-12-16');
INSERT INTO `master_schedule` VALUES (1223, 73, 45, 152, 1, '2024-12-16');
INSERT INTO `master_schedule` VALUES (1224, 73, 45, 27, 1, '2024-12-16');
INSERT INTO `master_schedule` VALUES (1225, 131, 43, 2, 2, '2024-12-22');
INSERT INTO `master_schedule` VALUES (1226, 131, 43, 168, 2, '2024-12-22');
INSERT INTO `master_schedule` VALUES (1227, 131, 43, 9, 2, '2024-12-22');
INSERT INTO `master_schedule` VALUES (1228, 131, 43, 172, 2, '2024-12-22');
INSERT INTO `master_schedule` VALUES (1229, 131, 43, 48, 2, '2024-12-22');
INSERT INTO `master_schedule` VALUES (1230, 131, 43, 50, 2, '2024-12-22');
INSERT INTO `master_schedule` VALUES (1231, 131, 43, 151, 2, '2024-12-22');
INSERT INTO `master_schedule` VALUES (1232, 131, 43, 184, 2, '2024-12-22');
INSERT INTO `master_schedule` VALUES (1233, 117, 42, 160, 1, '2024-12-21');
INSERT INTO `master_schedule` VALUES (1234, 117, 42, 11, 1, '2024-12-21');
INSERT INTO `master_schedule` VALUES (1235, 117, 42, 54, 1, '2024-12-21');
INSERT INTO `master_schedule` VALUES (1236, 117, 42, 159, 1, '2024-12-21');
INSERT INTO `master_schedule` VALUES (1237, 125, 47, 38, 3, '2024-12-21');
INSERT INTO `master_schedule` VALUES (1238, 125, 47, 169, 3, '2024-12-21');
INSERT INTO `master_schedule` VALUES (1239, 125, 47, 171, 3, '2024-12-21');
INSERT INTO `master_schedule` VALUES (1240, 125, 47, 28, 3, '2024-12-21');
INSERT INTO `master_schedule` VALUES (1241, 125, 47, 187, 3, '2024-12-21');
INSERT INTO `master_schedule` VALUES (1242, 125, 47, 181, 3, '2024-12-21');
INSERT INTO `master_schedule` VALUES (1243, 125, 47, 27, 3, '2024-12-21');
INSERT INTO `master_schedule` VALUES (1244, 125, 47, 188, 3, '2024-12-21');
INSERT INTO `master_schedule` VALUES (1245, 80, 51, 162, 3, '2024-12-16');
INSERT INTO `master_schedule` VALUES (1246, 80, 51, 163, 3, '2024-12-16');
INSERT INTO `master_schedule` VALUES (1247, 80, 51, 165, 3, '2024-12-16');
INSERT INTO `master_schedule` VALUES (1248, 80, 51, 167, 3, '2024-12-16');
INSERT INTO `master_schedule` VALUES (1249, 80, 51, 171, 3, '2024-12-16');
INSERT INTO `master_schedule` VALUES (1250, 80, 51, 13, 3, '2024-12-16');
INSERT INTO `master_schedule` VALUES (1251, 80, 51, 18, 3, '2024-12-16');
INSERT INTO `master_schedule` VALUES (1252, 80, 51, 181, 3, '2024-12-16');
INSERT INTO `master_schedule` VALUES (1253, 80, 51, 187, 3, '2024-12-16');
INSERT INTO `master_schedule` VALUES (1254, 80, 51, 188, 3, '2024-12-16');
INSERT INTO `master_schedule` VALUES (1255, 112, 43, 17, 2, '2024-12-20');
INSERT INTO `master_schedule` VALUES (1256, 112, 43, 33, 2, '2024-12-20');
INSERT INTO `master_schedule` VALUES (1257, 112, 43, 29, 2, '2024-12-20');
INSERT INTO `master_schedule` VALUES (1258, 112, 43, 31, 2, '2024-12-20');
INSERT INTO `master_schedule` VALUES (1259, 90, 45, 34, 1, '2024-12-18');
INSERT INTO `master_schedule` VALUES (1260, 90, 45, 167, 1, '2024-12-18');
INSERT INTO `master_schedule` VALUES (1261, 90, 45, 176, 1, '2024-12-18');
INSERT INTO `master_schedule` VALUES (1262, 90, 45, 19, 1, '2024-12-18');
INSERT INTO `master_schedule` VALUES (1263, 90, 45, 52, 1, '2024-12-18');
INSERT INTO `master_schedule` VALUES (1264, 90, 45, 21, 1, '2024-12-18');
INSERT INTO `master_schedule` VALUES (1265, 90, 45, 22, 1, '2024-12-18');
INSERT INTO `master_schedule` VALUES (1266, 90, 45, 185, 1, '2024-12-18');
INSERT INTO `master_schedule` VALUES (1267, 116, 51, 162, 3, '2024-12-20');
INSERT INTO `master_schedule` VALUES (1268, 116, 51, 171, 3, '2024-12-20');
INSERT INTO `master_schedule` VALUES (1269, 116, 51, 188, 3, '2024-12-20');
INSERT INTO `master_schedule` VALUES (1270, 116, 51, 187, 3, '2024-12-20');
INSERT INTO `master_schedule` VALUES (1271, 116, 51, 28, 3, '2024-12-20');
INSERT INTO `master_schedule` VALUES (1272, 74, 53, 48, 1, '2024-12-16');
INSERT INTO `master_schedule` VALUES (1273, 74, 53, 172, 1, '2024-12-16');
INSERT INTO `master_schedule` VALUES (1274, 119, 42, 176, 1, '2024-12-21');
INSERT INTO `master_schedule` VALUES (1275, 119, 42, 18, 1, '2024-12-21');
INSERT INTO `master_schedule` VALUES (1276, 119, 42, 178, 1, '2024-12-21');
INSERT INTO `master_schedule` VALUES (1277, 79, 47, 163, 3, '2024-12-16');
INSERT INTO `master_schedule` VALUES (1278, 79, 47, 165, 3, '2024-12-16');
INSERT INTO `master_schedule` VALUES (1279, 79, 47, 166, 3, '2024-12-16');
INSERT INTO `master_schedule` VALUES (1280, 79, 47, 169, 3, '2024-12-16');
INSERT INTO `master_schedule` VALUES (1281, 79, 47, 10, 3, '2024-12-16');
INSERT INTO `master_schedule` VALUES (1282, 79, 47, 13, 3, '2024-12-16');
INSERT INTO `master_schedule` VALUES (1283, 79, 47, 18, 3, '2024-12-16');
INSERT INTO `master_schedule` VALUES (1284, 79, 47, 155, 3, '2024-12-16');
INSERT INTO `master_schedule` VALUES (1285, 121, 43, 163, 2, '2024-12-21');
INSERT INTO `master_schedule` VALUES (1286, 121, 43, 169, 2, '2024-12-21');
INSERT INTO `master_schedule` VALUES (1287, 121, 43, 10, 2, '2024-12-21');
INSERT INTO `master_schedule` VALUES (1288, 121, 43, 13, 2, '2024-12-21');
INSERT INTO `master_schedule` VALUES (1289, 121, 43, 175, 2, '2024-12-21');
INSERT INTO `master_schedule` VALUES (1290, 93, 43, 12, 2, '2024-12-18');
INSERT INTO `master_schedule` VALUES (1291, 93, 43, 153, 2, '2024-12-18');
INSERT INTO `master_schedule` VALUES (1292, 93, 43, 26, 2, '2024-12-18');
INSERT INTO `master_schedule` VALUES (1293, 93, 43, 155, 2, '2024-12-18');
INSERT INTO `master_schedule` VALUES (1294, 93, 43, 29, 2, '2024-12-18');
INSERT INTO `master_schedule` VALUES (1295, 93, 43, 33, 2, '2024-12-18');
INSERT INTO `master_schedule` VALUES (1296, 93, 43, 179, 2, '2024-12-18');
INSERT INTO `master_schedule` VALUES (1297, 93, 43, 182, 2, '2024-12-18');
INSERT INTO `master_schedule` VALUES (1298, 89, 44, 168, 3, '2024-12-17');
INSERT INTO `master_schedule` VALUES (1299, 89, 44, 158, 3, '2024-12-17');
INSERT INTO `master_schedule` VALUES (1300, 102, 46, 37, 2, '2024-12-19');
INSERT INTO `master_schedule` VALUES (1301, 102, 46, 174, 2, '2024-12-19');
INSERT INTO `master_schedule` VALUES (1302, 102, 46, 179, 2, '2024-12-19');
INSERT INTO `master_schedule` VALUES (1303, 102, 46, 153, 2, '2024-12-19');
INSERT INTO `master_schedule` VALUES (1304, 102, 46, 186, 2, '2024-12-19');
INSERT INTO `master_schedule` VALUES (1305, 102, 46, 31, 2, '2024-12-19');
INSERT INTO `master_schedule` VALUES (1306, 115, 47, 162, 3, '2024-12-20');
INSERT INTO `master_schedule` VALUES (1307, 115, 47, 163, 3, '2024-12-20');
INSERT INTO `master_schedule` VALUES (1308, 115, 47, 164, 3, '2024-12-20');
INSERT INTO `master_schedule` VALUES (1309, 115, 47, 37, 3, '2024-12-20');
INSERT INTO `master_schedule` VALUES (1310, 115, 47, 38, 3, '2024-12-20');
INSERT INTO `master_schedule` VALUES (1311, 115, 47, 165, 3, '2024-12-20');
INSERT INTO `master_schedule` VALUES (1312, 115, 47, 152, 3, '2024-12-20');
INSERT INTO `master_schedule` VALUES (1313, 115, 47, 190, 3, '2024-12-20');
INSERT INTO `master_schedule` VALUES (1314, 132, 47, 16, 3, '2024-12-22');
INSERT INTO `master_schedule` VALUES (1315, 132, 47, 19, 3, '2024-12-22');
INSERT INTO `master_schedule` VALUES (1316, 132, 47, 191, 3, '2024-12-22');
INSERT INTO `master_schedule` VALUES (1317, 87, 51, 163, 3, '2024-12-17');
INSERT INTO `master_schedule` VALUES (1318, 87, 51, 167, 3, '2024-12-17');
INSERT INTO `master_schedule` VALUES (1319, 87, 51, 170, 3, '2024-12-17');
INSERT INTO `master_schedule` VALUES (1320, 87, 51, 171, 3, '2024-12-17');
INSERT INTO `master_schedule` VALUES (1321, 87, 51, 152, 3, '2024-12-17');
INSERT INTO `master_schedule` VALUES (1322, 87, 51, 187, 3, '2024-12-17');
INSERT INTO `master_schedule` VALUES (1323, 110, 42, 146, 1, '2024-12-20');
INSERT INTO `master_schedule` VALUES (1324, 110, 42, 181, 1, '2024-12-20');
INSERT INTO `master_schedule` VALUES (1325, 110, 42, 154, 1, '2024-12-20');
INSERT INTO `master_schedule` VALUES (1326, 110, 42, 27, 1, '2024-12-20');
INSERT INTO `master_schedule` VALUES (1327, 110, 42, 189, 1, '2024-12-20');
INSERT INTO `master_schedule` VALUES (1328, 110, 42, 191, 1, '2024-12-20');
INSERT INTO `master_schedule` VALUES (1329, 82, 42, 164, 1, '2024-12-17');
INSERT INTO `master_schedule` VALUES (1330, 82, 42, 37, 1, '2024-12-17');
INSERT INTO `master_schedule` VALUES (1331, 82, 42, 152, 1, '2024-12-17');
INSERT INTO `master_schedule` VALUES (1332, 129, 43, 2, 2, '2024-12-22');
INSERT INTO `master_schedule` VALUES (1333, 129, 43, 26, 2, '2024-12-22');
INSERT INTO `master_schedule` VALUES (1334, 129, 43, 9, 2, '2024-12-22');
INSERT INTO `master_schedule` VALUES (1335, 129, 43, 170, 2, '2024-12-22');
INSERT INTO `master_schedule` VALUES (1336, 129, 43, 12, 2, '2024-12-22');
INSERT INTO `master_schedule` VALUES (1337, 129, 43, 182, 2, '2024-12-22');
INSERT INTO `master_schedule` VALUES (1338, 129, 43, 151, 2, '2024-12-22');
INSERT INTO `master_schedule` VALUES (1339, 129, 43, 183, 2, '2024-12-22');
INSERT INTO `master_schedule` VALUES (1340, 129, 43, 186, 2, '2024-12-22');
INSERT INTO `master_schedule` VALUES (1341, 72, 45, 166, 1, '2024-12-16');
INSERT INTO `master_schedule` VALUES (1342, 72, 45, 176, 1, '2024-12-16');
INSERT INTO `master_schedule` VALUES (1343, 72, 45, 178, 1, '2024-12-16');
INSERT INTO `master_schedule` VALUES (1344, 72, 45, 54, 1, '2024-12-16');
INSERT INTO `master_schedule` VALUES (1345, 72, 45, 184, 1, '2024-12-16');
INSERT INTO `master_schedule` VALUES (1346, 72, 45, 159, 1, '2024-12-16');
INSERT INTO `master_schedule` VALUES (1347, 91, 42, 167, 1, '2024-12-18');
INSERT INTO `master_schedule` VALUES (1348, 91, 42, 13, 1, '2024-12-18');
INSERT INTO `master_schedule` VALUES (1349, 91, 42, 173, 1, '2024-12-18');
INSERT INTO `master_schedule` VALUES (1350, 91, 42, 177, 1, '2024-12-18');
INSERT INTO `master_schedule` VALUES (1351, 91, 42, 52, 1, '2024-12-18');
INSERT INTO `master_schedule` VALUES (1352, 91, 42, 154, 1, '2024-12-18');
INSERT INTO `master_schedule` VALUES (1353, 91, 42, 156, 1, '2024-12-18');
INSERT INTO `master_schedule` VALUES (1354, 92, 53, 172, 1, '2024-12-18');
INSERT INTO `master_schedule` VALUES (1355, 92, 53, 28, 1, '2024-12-18');
INSERT INTO `master_schedule` VALUES (1356, 92, 53, 12, 1, '2024-12-18');
INSERT INTO `master_schedule` VALUES (1357, 92, 53, 179, 1, '2024-12-18');
INSERT INTO `master_schedule` VALUES (1358, 92, 53, 26, 1, '2024-12-18');
INSERT INTO `master_schedule` VALUES (1359, 92, 53, 156, 1, '2024-12-18');
INSERT INTO `master_schedule` VALUES (1360, 109, 45, 10, 1, '2024-12-20');
INSERT INTO `master_schedule` VALUES (1361, 109, 45, 154, 1, '2024-12-20');
INSERT INTO `master_schedule` VALUES (1362, 109, 45, 27, 1, '2024-12-20');
INSERT INTO `master_schedule` VALUES (1363, 109, 45, 166, 1, '2024-12-20');
INSERT INTO `master_schedule` VALUES (1364, 109, 45, 169, 1, '2024-12-20');
INSERT INTO `master_schedule` VALUES (1365, 109, 45, 173, 1, '2024-12-20');
INSERT INTO `master_schedule` VALUES (1366, 109, 45, 175, 1, '2024-12-20');
INSERT INTO `master_schedule` VALUES (1367, 109, 45, 177, 1, '2024-12-20');
INSERT INTO `master_schedule` VALUES (1368, 109, 45, 52, 1, '2024-12-20');
INSERT INTO `master_schedule` VALUES (1369, 109, 45, 181, 1, '2024-12-20');
INSERT INTO `master_schedule` VALUES (1370, 134, 44, 185, 3, '2024-12-22');
INSERT INTO `master_schedule` VALUES (1371, 134, 44, 165, 3, '2024-12-22');
INSERT INTO `master_schedule` VALUES (1372, 134, 44, 171, 3, '2024-12-22');
INSERT INTO `master_schedule` VALUES (1373, 134, 44, 16, 3, '2024-12-22');
INSERT INTO `master_schedule` VALUES (1374, 134, 44, 18, 3, '2024-12-22');
INSERT INTO `master_schedule` VALUES (1375, 134, 44, 187, 3, '2024-12-22');
INSERT INTO `master_schedule` VALUES (1376, 134, 44, 188, 3, '2024-12-22');
INSERT INTO `master_schedule` VALUES (1377, 134, 44, 189, 3, '2024-12-22');
INSERT INTO `master_schedule` VALUES (1378, 134, 44, 191, 3, '2024-12-22');
INSERT INTO `master_schedule` VALUES (1379, 124, 47, 164, 3, '2024-12-21');
INSERT INTO `master_schedule` VALUES (1380, 124, 47, 37, 3, '2024-12-21');
INSERT INTO `master_schedule` VALUES (1381, 124, 47, 38, 3, '2024-12-21');
INSERT INTO `master_schedule` VALUES (1382, 124, 47, 152, 3, '2024-12-21');
INSERT INTO `master_schedule` VALUES (1383, 130, 43, 160, 2, '2024-12-22');
INSERT INTO `master_schedule` VALUES (1384, 130, 43, 17, 2, '2024-12-22');
INSERT INTO `master_schedule` VALUES (1385, 130, 43, 184, 2, '2024-12-22');
INSERT INTO `master_schedule` VALUES (1386, 130, 43, 156, 2, '2024-12-22');
INSERT INTO `master_schedule` VALUES (1387, 123, 47, 16, 3, '2024-12-21');
INSERT INTO `master_schedule` VALUES (1388, 123, 47, 19, 3, '2024-12-21');
INSERT INTO `master_schedule` VALUES (1389, 123, 47, 25, 3, '2024-12-21');
INSERT INTO `master_schedule` VALUES (1390, 123, 47, 165, 3, '2024-12-21');
INSERT INTO `master_schedule` VALUES (1391, 123, 47, 176, 3, '2024-12-21');
INSERT INTO `master_schedule` VALUES (1392, 123, 47, 185, 3, '2024-12-21');
INSERT INTO `master_schedule` VALUES (1393, 123, 47, 189, 3, '2024-12-21');
INSERT INTO `master_schedule` VALUES (1394, 123, 47, 191, 3, '2024-12-21');

-- ----------------------------
-- Table structure for preference_template
-- ----------------------------
DROP TABLE IF EXISTS `preference_template`;
CREATE TABLE `preference_template`  (
  `template_id` int NOT NULL AUTO_INCREMENT,
  `nurse_id` int NOT NULL COMMENT 'foreign key to user',
  `time_of_day` enum('morning','afternoon','night') CHARACTER SET utf8mb4 COLLATE utf8mb4_0900_ai_ci NOT NULL COMMENT '\'morning\',\'afternoon\',\'night\'',
  `hours_per_week` int NOT NULL DEFAULT 40 COMMENT 'default 40',
  `preferred_week_days` json NOT NULL COMMENT 'list of strings. [\"Monday\", \"Thursday\", \"Sunday\"]',
  `max_hours_per_shift` int NOT NULL DEFAULT 8 COMMENT 'default 8',
  `hospitals_ranking` json NOT NULL COMMENT 'list of integers (hospital id)',
  `template_name` varchar(255) CHARACTER SET utf8mb4 COLLATE utf8mb4_0900_ai_ci NOT NULL COMMENT 'name of template',
  PRIMARY KEY (`template_id`) USING BTREE,
  INDEX `nurse_id`(`nurse_id` ASC) USING BTREE,
  CONSTRAINT `preference_template_ibfk_1` FOREIGN KEY (`nurse_id`) REFERENCES `user` (`u_id`) ON DELETE CASCADE ON UPDATE RESTRICT
) ENGINE = InnoDB AUTO_INCREMENT = 22 CHARACTER SET = utf8mb4 COLLATE = utf8mb4_0900_ai_ci ROW_FORMAT = DYNAMIC;

-- ----------------------------
-- Records of preference_template
-- ----------------------------
INSERT INTO `preference_template` VALUES (1, 13, 'morning', 24, '[\"Monday\", \"Tuesday\"]', 8, '[2, 1, 3]', '44-tempplate1');
INSERT INTO `preference_template` VALUES (2, 13, 'night', 60, '[\"Monday\"]', 8, '[1, 2, 3]', '13-tempplate-1915');
INSERT INTO `preference_template` VALUES (3, 43, 'night', 70, '[\"Friday\", \"Sunday\"]', 6, '[1, 2, 3]', '42-tempplate');
INSERT INTO `preference_template` VALUES (4, 13, 'night', 66, '[\"Sunday\"]', 8, '[1, 2, 3]', '44-tempplate-2056');
INSERT INTO `preference_template` VALUES (5, 13, 'afternoon', 33, '[\"Thursday\"]', 7, '[3, 2, 1]', '44-tempplate-2057');
INSERT INTO `preference_template` VALUES (6, 44, 'afternoon', 70, '[\"Thursday\"]', 8, '[3, 2, 1]', '44-tempplate-2003');
INSERT INTO `preference_template` VALUES (8, 44, 'night', 33, '[\"Tuesday\"]', 8, '[3, 2, 1]', '44-tempplate-2014');
INSERT INTO `preference_template` VALUES (9, 13, 'night', 8, '[\"Monday\", \"Wednesday\", \"Friday\", \"Saturday\"]', 8, '[3, 1, 2]', '13-demo-2022');
INSERT INTO `preference_template` VALUES (10, 13, 'morning', 44, '[\"Sunday\"]', 8, '[2, 3, 1]', 'demo-2046');
INSERT INTO `preference_template` VALUES (11, 13, 'afternoon', 76, '[\"Saturday\"]', 8, '[1, 2, 3]', '13demo20-51');
INSERT INTO `preference_template` VALUES (12, 13, 'night', 24, '[\"Monday\"]', 8, '[2, 1, 3]', 'demo-13-2052');
INSERT INTO `preference_template` VALUES (13, 13, 'afternoon', 72, '[\"Friday\", \"Monday\"]', 9, '[3, 1, 2]', 'demo2057editted');
INSERT INTO `preference_template` VALUES (14, 13, 'afternoon', 76, '[\"Sunday\"]', 11, '[1, 3, 2]', '13-2254updated2226');
INSERT INTO `preference_template` VALUES (15, 177, 'morning', 40, '[\"Monday\", \"Tuesday\"]', 8, '[1, 2, 3]', 'template 1');
INSERT INTO `preference_template` VALUES (16, 177, 'morning', 40, '[\"Sunday\", \"Saturday\"]', 8, '[3, 2, 1]', 'Weekend Template');
INSERT INTO `preference_template` VALUES (17, 177, 'afternoon', 40, '[\"Monday\", \"Sunday\", \"Saturday\", \"Friday\", \"Thursday\", \"Tuesday\", \"Wednesday\"]', 8, '[1, 2, 3]', 'template 2');
INSERT INTO `preference_template` VALUES (18, 177, 'night', 40, '[\"Monday\"]', 8, '[3, 1, 2]', 'template 1204');
INSERT INTO `preference_template` VALUES (19, 177, 'morning', 40, '[\"Friday\"]', 8, '[1, 3, 2]', 'template Morning');
INSERT INTO `preference_template` VALUES (20, 13, 'morning', 28, '[\"Monday\", \"Tuesday\"]', 4, '[2, 1, 3]', 'template 555');
INSERT INTO `preference_template` VALUES (21, 13, 'afternoon', 60, '[\"Saturday\", \"Sunday\", \"Tuesday\"]', 9, '[1, 3, 2]', 'DEMO Template haha');

-- ----------------------------
-- Table structure for shift_preference
-- ----------------------------
DROP TABLE IF EXISTS `shift_preference`;
CREATE TABLE `shift_preference`  (
  `preference_id` int NOT NULL AUTO_INCREMENT,
  `nurse_id` int NOT NULL,
  `time_of_day` enum('morning','afternoon','night') CHARACTER SET utf8mb4 COLLATE utf8mb4_0900_ai_ci NOT NULL COMMENT '\'morning\',\'afternoon\',\'night\'',
  `start_date` date NOT NULL COMMENT 'starting date of the week',
  `end_date` date NOT NULL COMMENT 'ending date of the week',
  `hours_per_week` int NOT NULL DEFAULT 40 COMMENT 'default 40',
  `preferred_week_days` json NOT NULL COMMENT 'list of strings. [\"Monday\", \"Thursday\", \"Sunday\"]',
  `max_hours_per_shift` int NOT NULL DEFAULT 8 COMMENT 'default 8',
  `hospitals_ranking` json NOT NULL COMMENT 'list of integers (hospital id)',
  PRIMARY KEY (`preference_id`) USING BTREE,
  INDEX `nurse_id`(`nurse_id` ASC) USING BTREE,
  CONSTRAINT `shift_preference_ibfk_1` FOREIGN KEY (`nurse_id`) REFERENCES `user` (`u_id`) ON DELETE RESTRICT ON UPDATE RESTRICT
) ENGINE = InnoDB AUTO_INCREMENT = 390 CHARACTER SET = utf8mb4 COLLATE = utf8mb4_0900_ai_ci ROW_FORMAT = DYNAMIC;

-- ----------------------------
-- Records of shift_preference
-- ----------------------------
INSERT INTO `shift_preference` VALUES (1, 2, 'night', '2024-11-18', '2024-11-24', 40, '[\"Monday\", \"Tuesday\", \"Wednesday\", \"Thursday\", \"Friday\", \"Saturday\", \"Friday\"]', 8, '[1, 2, 3]');
INSERT INTO `shift_preference` VALUES (2, 9, 'morning', '2024-11-18', '2024-11-24', 40, '[\"Monday\", \"Tuesday\", \"Wednesday\", \"Thursday\", \"Friday\", \"Saturday\", \"Friday\"]', 8, '[1, 2, 3]');
INSERT INTO `shift_preference` VALUES (3, 10, 'afternoon', '2024-11-18', '2024-11-24', 40, '[\"Monday\", \"Tuesday\", \"Wednesday\", \"Thursday\", \"Friday\", \"Saturday\", \"Friday\"]', 8, '[3, 2, 1]');
INSERT INTO `shift_preference` VALUES (4, 11, 'night', '2024-11-18', '2024-11-24', 40, '[\"Monday\", \"Tuesday\", \"Wednesday\", \"Thursday\", \"Friday\", \"Saturday\", \"Friday\"]', 8, '[1, 3, 2]');
INSERT INTO `shift_preference` VALUES (5, 12, 'morning', '2024-11-18', '2024-11-24', 40, '[\"Monday\", \"Tuesday\", \"Wednesday\", \"Thursday\", \"Friday\", \"Saturday\", \"Friday\"]', 8, '[1, 2, 3]');
INSERT INTO `shift_preference` VALUES (6, 13, 'afternoon', '2024-11-18', '2024-11-24', 40, '[\"Monday\", \"Tuesday\", \"Wednesday\", \"Thursday\", \"Friday\", \"Saturday\", \"Friday\"]', 8, '[2, 1, 3]');
INSERT INTO `shift_preference` VALUES (7, 14, 'night', '2024-11-18', '2024-11-24', 40, '[\"Monday\", \"Tuesday\", \"Wednesday\", \"Thursday\", \"Friday\", \"Saturday\", \"Friday\"]', 8, '[2, 1, 3]');
INSERT INTO `shift_preference` VALUES (8, 15, 'morning', '2024-11-18', '2024-11-24', 40, '[\"Monday\", \"Tuesday\", \"Wednesday\", \"Thursday\", \"Friday\", \"Saturday\", \"Friday\"]', 8, '[3, 2, 1]');
INSERT INTO `shift_preference` VALUES (9, 16, 'afternoon', '2024-11-18', '2024-11-24', 40, '[\"Monday\", \"Tuesday\", \"Wednesday\", \"Thursday\", \"Friday\", \"Saturday\", \"Friday\"]', 8, '[3, 1, 2]');
INSERT INTO `shift_preference` VALUES (10, 17, 'night', '2024-11-18', '2024-11-24', 40, '[\"Monday\", \"Tuesday\", \"Wednesday\", \"Thursday\", \"Friday\", \"Saturday\", \"Friday\"]', 8, '[2, 3, 1]');
INSERT INTO `shift_preference` VALUES (11, 18, 'morning', '2024-11-18', '2024-11-24', 40, '[\"Monday\", \"Tuesday\", \"Wednesday\", \"Thursday\", \"Friday\", \"Saturday\", \"Friday\"]', 8, '[3, 1, 2]');
INSERT INTO `shift_preference` VALUES (12, 19, 'afternoon', '2024-11-18', '2024-11-24', 40, '[\"Monday\", \"Tuesday\", \"Wednesday\", \"Thursday\", \"Friday\", \"Saturday\", \"Friday\"]', 8, '[2, 3, 1]');
INSERT INTO `shift_preference` VALUES (13, 20, 'night', '2024-11-18', '2024-11-24', 40, '[\"Monday\", \"Tuesday\", \"Wednesday\", \"Thursday\", \"Friday\", \"Saturday\", \"Friday\"]', 8, '[1, 2, 3]');
INSERT INTO `shift_preference` VALUES (14, 21, 'morning', '2024-11-18', '2024-11-24', 40, '[\"Monday\", \"Tuesday\", \"Wednesday\", \"Thursday\", \"Friday\", \"Saturday\", \"Friday\"]', 8, '[1, 3, 2]');
INSERT INTO `shift_preference` VALUES (15, 22, 'afternoon', '2024-11-18', '2024-11-24', 40, '[\"Monday\", \"Tuesday\", \"Wednesday\", \"Thursday\", \"Friday\", \"Saturday\", \"Friday\"]', 8, '[2, 1, 3]');
INSERT INTO `shift_preference` VALUES (16, 23, 'night', '2024-11-18', '2024-11-24', 40, '[\"Monday\", \"Tuesday\", \"Wednesday\", \"Thursday\", \"Friday\", \"Saturday\", \"Friday\"]', 8, '[3, 1, 2]');
INSERT INTO `shift_preference` VALUES (17, 24, 'morning', '2024-11-18', '2024-11-24', 40, '[\"Monday\", \"Tuesday\", \"Wednesday\", \"Thursday\", \"Friday\", \"Saturday\", \"Friday\"]', 8, '[3, 2, 1]');
INSERT INTO `shift_preference` VALUES (18, 25, 'afternoon', '2024-11-18', '2024-11-24', 40, '[\"Monday\", \"Tuesday\", \"Wednesday\", \"Thursday\", \"Friday\", \"Saturday\", \"Friday\"]', 8, '[2, 3, 1]');
INSERT INTO `shift_preference` VALUES (19, 26, 'night', '2024-11-18', '2024-11-24', 40, '[\"Monday\", \"Tuesday\", \"Wednesday\", \"Thursday\", \"Friday\", \"Saturday\", \"Friday\"]', 8, '[1, 3, 2]');
INSERT INTO `shift_preference` VALUES (20, 27, 'morning', '2024-11-18', '2024-11-24', 40, '[\"Monday\", \"Tuesday\", \"Wednesday\", \"Thursday\", \"Friday\", \"Saturday\", \"Friday\"]', 8, '[2, 3, 1]');
INSERT INTO `shift_preference` VALUES (21, 28, 'afternoon', '2024-11-18', '2024-11-24', 40, '[\"Monday\", \"Tuesday\", \"Wednesday\", \"Thursday\", \"Friday\", \"Saturday\", \"Friday\"]', 8, '[3, 2, 1]');
INSERT INTO `shift_preference` VALUES (22, 29, 'night', '2024-11-18', '2024-11-24', 40, '[\"Monday\", \"Tuesday\", \"Wednesday\", \"Thursday\", \"Friday\", \"Saturday\", \"Friday\"]', 8, '[2, 1, 3]');
INSERT INTO `shift_preference` VALUES (23, 30, 'morning', '2024-11-18', '2024-11-24', 40, '[\"Monday\", \"Tuesday\", \"Wednesday\", \"Thursday\", \"Friday\", \"Saturday\", \"Friday\"]', 8, '[1, 2, 3]');
INSERT INTO `shift_preference` VALUES (24, 31, 'afternoon', '2024-11-18', '2024-11-24', 40, '[\"Monday\", \"Tuesday\", \"Wednesday\", \"Thursday\", \"Friday\", \"Saturday\", \"Friday\"]', 8, '[2, 1, 3]');
INSERT INTO `shift_preference` VALUES (25, 32, 'night', '2024-11-18', '2024-11-24', 40, '[\"Monday\", \"Tuesday\", \"Wednesday\", \"Thursday\", \"Friday\", \"Saturday\", \"Friday\"]', 8, '[1, 2, 3]');
INSERT INTO `shift_preference` VALUES (26, 33, 'morning', '2024-11-18', '2024-11-24', 40, '[\"Monday\", \"Tuesday\", \"Wednesday\", \"Thursday\", \"Friday\", \"Saturday\", \"Friday\"]', 8, '[1, 2, 3]');
INSERT INTO `shift_preference` VALUES (27, 34, 'afternoon', '2024-11-18', '2024-11-24', 40, '[\"Monday\", \"Tuesday\", \"Wednesday\", \"Thursday\", \"Friday\", \"Saturday\", \"Friday\"]', 8, '[2, 3, 1]');
INSERT INTO `shift_preference` VALUES (28, 35, 'night', '2024-11-18', '2024-11-24', 40, '[\"Monday\", \"Tuesday\", \"Wednesday\", \"Thursday\", \"Friday\", \"Saturday\", \"Friday\"]', 8, '[3, 1, 2]');
INSERT INTO `shift_preference` VALUES (29, 36, 'morning', '2024-11-18', '2024-11-24', 40, '[\"Monday\", \"Tuesday\", \"Wednesday\", \"Thursday\", \"Friday\", \"Saturday\", \"Friday\"]', 8, '[3, 2, 1]');
INSERT INTO `shift_preference` VALUES (30, 37, 'afternoon', '2024-11-18', '2024-11-24', 40, '[\"Monday\", \"Tuesday\", \"Wednesday\", \"Thursday\", \"Friday\", \"Saturday\", \"Friday\"]', 8, '[1, 3, 2]');
INSERT INTO `shift_preference` VALUES (31, 38, 'night', '2024-11-18', '2024-11-24', 40, '[\"Monday\", \"Tuesday\", \"Wednesday\", \"Thursday\", \"Friday\", \"Saturday\", \"Friday\"]', 8, '[3, 1, 2]');
INSERT INTO `shift_preference` VALUES (32, 39, 'morning', '2024-11-18', '2024-11-24', 40, '[\"Monday\", \"Tuesday\", \"Wednesday\", \"Thursday\", \"Friday\", \"Saturday\", \"Friday\"]', 8, '[2, 3, 1]');
INSERT INTO `shift_preference` VALUES (33, 48, 'morning', '2024-11-18', '2024-11-24', 40, '[\"Monday\", \"Tuesday\", \"Wednesday\", \"Thursday\", \"Friday\", \"Saturday\", \"Friday\"]', 8, '[3, 1, 2]');
INSERT INTO `shift_preference` VALUES (34, 50, 'night', '2024-11-18', '2024-11-24', 40, '[\"Monday\", \"Tuesday\", \"Wednesday\", \"Thursday\", \"Friday\", \"Saturday\", \"Friday\"]', 8, '[2, 1, 3]');
INSERT INTO `shift_preference` VALUES (35, 52, 'afternoon', '2024-11-18', '2024-11-24', 40, '[\"Monday\", \"Tuesday\", \"Wednesday\", \"Thursday\", \"Friday\", \"Saturday\", \"Friday\"]', 8, '[1, 3, 2]');
INSERT INTO `shift_preference` VALUES (36, 54, 'morning', '2024-11-18', '2024-11-24', 40, '[\"Monday\", \"Tuesday\", \"Wednesday\", \"Thursday\", \"Friday\", \"Saturday\", \"Friday\"]', 8, '[3, 2, 1]');
INSERT INTO `shift_preference` VALUES (37, 55, 'afternoon', '2024-11-18', '2024-11-24', 40, '[\"Monday\", \"Tuesday\", \"Wednesday\", \"Thursday\", \"Friday\", \"Saturday\", \"Friday\"]', 8, '[2, 3, 1]');
INSERT INTO `shift_preference` VALUES (68, 14, 'afternoon', '2024-11-11', '2024-11-17', 40, '[\"Sunday\"]', 8, '[3, 1, 2]');
INSERT INTO `shift_preference` VALUES (149, 2, 'night', '2024-12-16', '2024-12-22', 40, '[\"Tuesday\"]', 8, '[2, 3, 1]');
INSERT INTO `shift_preference` VALUES (150, 9, 'morning', '2024-12-16', '2024-12-22', 40, '[\"Sunday\"]', 8, '[1, 3, 2]');
INSERT INTO `shift_preference` VALUES (151, 10, 'afternoon', '2024-12-16', '2024-12-22', 40, '[\"Monday\", \"Thursday\"]', 8, '[2, 1, 3]');
INSERT INTO `shift_preference` VALUES (152, 11, 'afternoon', '2024-12-16', '2024-12-22', 40, '[\"Saturday\", \"Wednesday\", \"Sunday\", \"Tuesday\"]', 8, '[3, 1, 2]');
INSERT INTO `shift_preference` VALUES (153, 12, 'afternoon', '2024-12-16', '2024-12-22', 40, '[\"Sunday\", \"Tuesday\", \"Monday\", \"Thursday\", \"Friday\", \"Saturday\", \"Wednesday\"]', 8, '[1, 2, 3]');
INSERT INTO `shift_preference` VALUES (154, 13, 'afternoon', '2024-12-16', '2024-12-22', 40, '[\"Saturday\", \"Sunday\", \"Tuesday\"]', 8, '[1, 3, 2]');
INSERT INTO `shift_preference` VALUES (155, 14, 'night', '2024-12-16', '2024-12-22', 40, '[\"Thursday\", \"Wednesday\", \"Saturday\", \"Friday\", \"Tuesday\"]', 8, '[1, 2, 3]');
INSERT INTO `shift_preference` VALUES (156, 15, 'afternoon', '2024-12-16', '2024-12-22', 40, '[\"Thursday\", \"Monday\", \"Saturday\", \"Tuesday\", \"Wednesday\"]', 8, '[2, 3, 1]');
INSERT INTO `shift_preference` VALUES (157, 16, 'night', '2024-12-16', '2024-12-22', 40, '[\"Monday\", \"Saturday\", \"Friday\", \"Wednesday\", \"Sunday\", \"Tuesday\"]', 8, '[3, 1, 2]');
INSERT INTO `shift_preference` VALUES (158, 17, 'morning', '2024-12-16', '2024-12-22', 40, '[\"Sunday\", \"Thursday\", \"Monday\", \"Saturday\"]', 8, '[3, 1, 2]');
INSERT INTO `shift_preference` VALUES (159, 18, 'morning', '2024-12-16', '2024-12-22', 40, '[\"Tuesday\", \"Monday\", \"Saturday\", \"Sunday\", \"Wednesday\", \"Thursday\", \"Friday\"]', 8, '[1, 3, 2]');
INSERT INTO `shift_preference` VALUES (160, 19, 'afternoon', '2024-12-16', '2024-12-22', 40, '[\"Sunday\", \"Wednesday\", \"Monday\", \"Saturday\", \"Friday\", \"Thursday\", \"Tuesday\"]', 8, '[1, 2, 3]');
INSERT INTO `shift_preference` VALUES (161, 20, 'night', '2024-12-16', '2024-12-22', 40, '[\"Sunday\", \"Friday\", \"Wednesday\", \"Thursday\", \"Saturday\", \"Monday\"]', 8, '[1, 3, 2]');
INSERT INTO `shift_preference` VALUES (162, 21, 'afternoon', '2024-12-16', '2024-12-22', 40, '[\"Saturday\", \"Friday\", \"Thursday\", \"Wednesday\", \"Sunday\", \"Tuesday\"]', 8, '[1, 2, 3]');
INSERT INTO `shift_preference` VALUES (163, 22, 'afternoon', '2024-12-16', '2024-12-22', 40, '[\"Saturday\", \"Thursday\", \"Sunday\"]', 8, '[2, 3, 1]');
INSERT INTO `shift_preference` VALUES (164, 23, 'night', '2024-12-16', '2024-12-22', 40, '[\"Tuesday\", \"Sunday\", \"Thursday\", \"Saturday\", \"Wednesday\"]', 8, '[1, 3, 2]');
INSERT INTO `shift_preference` VALUES (165, 24, 'night', '2024-12-16', '2024-12-22', 40, '[\"Friday\"]', 8, '[3, 2, 1]');
INSERT INTO `shift_preference` VALUES (166, 25, 'night', '2024-12-16', '2024-12-22', 40, '[\"Sunday\", \"Saturday\", \"Friday\", \"Monday\"]', 8, '[2, 1, 3]');
INSERT INTO `shift_preference` VALUES (167, 26, 'morning', '2024-12-16', '2024-12-22', 40, '[\"Friday\", \"Monday\"]', 8, '[2, 1, 3]');
INSERT INTO `shift_preference` VALUES (168, 27, 'night', '2024-12-16', '2024-12-22', 40, '[\"Tuesday\", \"Sunday\", \"Wednesday\", \"Friday\", \"Thursday\", \"Monday\"]', 8, '[3, 1, 2]');
INSERT INTO `shift_preference` VALUES (169, 28, 'night', '2024-12-16', '2024-12-22', 40, '[\"Sunday\", \"Friday\", \"Monday\"]', 8, '[3, 1, 2]');
INSERT INTO `shift_preference` VALUES (170, 29, 'afternoon', '2024-12-16', '2024-12-22', 40, '[\"Friday\", \"Tuesday\", \"Monday\", \"Thursday\"]', 8, '[2, 3, 1]');
INSERT INTO `shift_preference` VALUES (171, 30, 'afternoon', '2024-12-16', '2024-12-22', 40, '[\"Sunday\", \"Monday\", \"Thursday\", \"Saturday\", \"Friday\", \"Wednesday\", \"Tuesday\"]', 8, '[1, 2, 3]');
INSERT INTO `shift_preference` VALUES (172, 31, 'night', '2024-12-16', '2024-12-22', 40, '[\"Friday\", \"Tuesday\"]', 8, '[3, 2, 1]');
INSERT INTO `shift_preference` VALUES (173, 32, 'night', '2024-12-16', '2024-12-22', 40, '[\"Tuesday\"]', 8, '[3, 1, 2]');
INSERT INTO `shift_preference` VALUES (174, 33, 'afternoon', '2024-12-16', '2024-12-22', 40, '[\"Wednesday\", \"Sunday\", \"Saturday\", \"Monday\"]', 8, '[3, 2, 1]');
INSERT INTO `shift_preference` VALUES (175, 34, 'morning', '2024-12-16', '2024-12-22', 40, '[\"Sunday\", \"Monday\", \"Tuesday\", \"Friday\", \"Thursday\", \"Wednesday\", \"Saturday\"]', 8, '[1, 2, 3]');
INSERT INTO `shift_preference` VALUES (176, 35, 'morning', '2024-12-16', '2024-12-22', 40, '[\"Sunday\", \"Saturday\", \"Monday\", \"Wednesday\", \"Thursday\", \"Tuesday\", \"Friday\"]', 8, '[1, 2, 3]');
INSERT INTO `shift_preference` VALUES (177, 36, 'morning', '2024-12-16', '2024-12-22', 40, '[\"Monday\", \"Tuesday\", \"Friday\", \"Saturday\", \"Wednesday\"]', 8, '[2, 3, 1]');
INSERT INTO `shift_preference` VALUES (178, 37, 'afternoon', '2024-12-16', '2024-12-22', 40, '[\"Saturday\"]', 8, '[1, 2, 3]');
INSERT INTO `shift_preference` VALUES (179, 38, 'afternoon', '2024-12-16', '2024-12-22', 40, '[\"Sunday\", \"Tuesday\", \"Saturday\", \"Wednesday\", \"Thursday\", \"Friday\", \"Monday\"]', 8, '[2, 3, 1]');
INSERT INTO `shift_preference` VALUES (180, 39, 'afternoon', '2024-12-16', '2024-12-22', 40, '[\"Wednesday\", \"Monday\", \"Friday\", \"Saturday\", \"Thursday\", \"Sunday\", \"Tuesday\"]', 8, '[2, 1, 3]');
INSERT INTO `shift_preference` VALUES (181, 48, 'night', '2024-12-16', '2024-12-22', 40, '[\"Monday\", \"Tuesday\", \"Thursday\"]', 8, '[1, 3, 2]');
INSERT INTO `shift_preference` VALUES (182, 50, 'afternoon', '2024-12-16', '2024-12-22', 40, '[\"Saturday\", \"Friday\", \"Monday\", \"Tuesday\"]', 8, '[3, 2, 1]');
INSERT INTO `shift_preference` VALUES (183, 52, 'morning', '2024-12-16', '2024-12-22', 40, '[\"Wednesday\", \"Monday\"]', 8, '[2, 1, 3]');
INSERT INTO `shift_preference` VALUES (184, 54, 'afternoon', '2024-12-16', '2024-12-22', 40, '[\"Saturday\", \"Monday\", \"Sunday\", \"Thursday\", \"Friday\"]', 8, '[1, 2, 3]');
INSERT INTO `shift_preference` VALUES (185, 55, 'night', '2024-12-16', '2024-12-22', 40, '[\"Sunday\", \"Friday\", \"Monday\", \"Saturday\", \"Thursday\", \"Wednesday\"]', 8, '[1, 2, 3]');
INSERT INTO `shift_preference` VALUES (186, 146, 'morning', '2024-12-16', '2024-12-22', 40, '[\"Monday\", \"Wednesday\", \"Tuesday\", \"Friday\", \"Thursday\"]', 8, '[3, 1, 2]');
INSERT INTO `shift_preference` VALUES (187, 151, 'night', '2024-12-16', '2024-12-22', 40, '[\"Saturday\", \"Wednesday\"]', 8, '[2, 3, 1]');
INSERT INTO `shift_preference` VALUES (188, 152, 'afternoon', '2024-12-16', '2024-12-22', 40, '[\"Tuesday\", \"Friday\", \"Thursday\", \"Saturday\", \"Wednesday\"]', 8, '[2, 3, 1]');
INSERT INTO `shift_preference` VALUES (189, 153, 'morning', '2024-12-16', '2024-12-22', 40, '[\"Tuesday\", \"Sunday\", \"Friday\"]', 8, '[3, 2, 1]');
INSERT INTO `shift_preference` VALUES (190, 154, 'morning', '2024-12-16', '2024-12-22', 40, '[\"Monday\", \"Tuesday\", \"Saturday\", \"Thursday\"]', 8, '[2, 1, 3]');
INSERT INTO `shift_preference` VALUES (191, 155, 'afternoon', '2024-12-16', '2024-12-22', 40, '[\"Thursday\", \"Saturday\", \"Sunday\", \"Friday\", \"Monday\", \"Tuesday\"]', 8, '[1, 2, 3]');
INSERT INTO `shift_preference` VALUES (192, 156, 'night', '2024-12-16', '2024-12-22', 40, '[\"Sunday\", \"Friday\", \"Thursday\"]', 8, '[2, 1, 3]');
INSERT INTO `shift_preference` VALUES (193, 157, 'morning', '2024-12-16', '2024-12-22', 40, '[\"Wednesday\", \"Saturday\", \"Monday\", \"Friday\", \"Tuesday\", \"Thursday\"]', 8, '[1, 3, 2]');
INSERT INTO `shift_preference` VALUES (194, 158, 'night', '2024-12-16', '2024-12-22', 40, '[\"Monday\", \"Sunday\", \"Wednesday\", \"Tuesday\"]', 8, '[3, 2, 1]');
INSERT INTO `shift_preference` VALUES (195, 159, 'night', '2024-12-16', '2024-12-22', 40, '[\"Friday\", \"Wednesday\", \"Monday\"]', 8, '[1, 2, 3]');
INSERT INTO `shift_preference` VALUES (196, 160, 'night', '2024-12-16', '2024-12-22', 40, '[\"Monday\"]', 8, '[3, 2, 1]');
INSERT INTO `shift_preference` VALUES (197, 161, 'afternoon', '2024-12-16', '2024-12-22', 40, '[\"Monday\", \"Tuesday\"]', 8, '[3, 1, 2]');
INSERT INTO `shift_preference` VALUES (198, 162, 'afternoon', '2024-12-16', '2024-12-22', 40, '[\"Monday\", \"Sunday\", \"Thursday\", \"Tuesday\"]', 8, '[3, 2, 1]');
INSERT INTO `shift_preference` VALUES (199, 163, 'afternoon', '2024-12-16', '2024-12-22', 40, '[\"Tuesday\", \"Saturday\", \"Sunday\", \"Friday\", \"Wednesday\", \"Monday\", \"Thursday\"]', 8, '[1, 2, 3]');
INSERT INTO `shift_preference` VALUES (200, 164, 'morning', '2024-12-16', '2024-12-22', 40, '[\"Sunday\", \"Thursday\", \"Wednesday\", \"Friday\", \"Saturday\"]', 8, '[1, 3, 2]');
INSERT INTO `shift_preference` VALUES (201, 165, 'night', '2024-12-16', '2024-12-22', 40, '[\"Saturday\", \"Sunday\", \"Wednesday\", \"Tuesday\", \"Thursday\"]', 8, '[3, 2, 1]');
INSERT INTO `shift_preference` VALUES (202, 166, 'afternoon', '2024-12-16', '2024-12-22', 40, '[\"Friday\"]', 8, '[2, 1, 3]');
INSERT INTO `shift_preference` VALUES (203, 167, 'afternoon', '2024-12-16', '2024-12-22', 40, '[\"Saturday\", \"Thursday\", \"Friday\", \"Tuesday\", \"Monday\", \"Wednesday\", \"Sunday\"]', 8, '[3, 1, 2]');
INSERT INTO `shift_preference` VALUES (204, 168, 'afternoon', '2024-12-16', '2024-12-22', 40, '[\"Friday\", \"Thursday\"]', 8, '[3, 2, 1]');
INSERT INTO `shift_preference` VALUES (205, 169, 'night', '2024-12-16', '2024-12-22', 40, '[\"Thursday\", \"Tuesday\", \"Monday\", \"Sunday\", \"Saturday\", \"Friday\"]', 8, '[1, 3, 2]');
INSERT INTO `shift_preference` VALUES (206, 170, 'afternoon', '2024-12-16', '2024-12-22', 40, '[\"Tuesday\"]', 8, '[1, 2, 3]');
INSERT INTO `shift_preference` VALUES (207, 171, 'afternoon', '2024-12-16', '2024-12-22', 40, '[\"Thursday\", \"Sunday\", \"Wednesday\", \"Friday\", \"Tuesday\"]', 8, '[1, 3, 2]');
INSERT INTO `shift_preference` VALUES (208, 172, 'morning', '2024-12-16', '2024-12-22', 40, '[\"Sunday\", \"Thursday\", \"Saturday\", \"Tuesday\", \"Wednesday\"]', 8, '[2, 3, 1]');
INSERT INTO `shift_preference` VALUES (209, 173, 'afternoon', '2024-12-16', '2024-12-22', 40, '[\"Thursday\", \"Monday\", \"Tuesday\", \"Wednesday\", \"Sunday\", \"Friday\"]', 8, '[1, 2, 3]');
INSERT INTO `shift_preference` VALUES (210, 174, 'morning', '2024-12-16', '2024-12-22', 40, '[\"Friday\", \"Monday\", \"Tuesday\", \"Wednesday\", \"Saturday\", \"Sunday\", \"Thursday\"]', 8, '[1, 3, 2]');
INSERT INTO `shift_preference` VALUES (211, 175, 'night', '2024-12-16', '2024-12-22', 40, '[\"Wednesday\", \"Saturday\", \"Tuesday\"]', 8, '[2, 3, 1]');
INSERT INTO `shift_preference` VALUES (212, 176, 'morning', '2024-12-16', '2024-12-22', 40, '[\"Tuesday\", \"Thursday\", \"Friday\", \"Wednesday\"]', 8, '[3, 1, 2]');
INSERT INTO `shift_preference` VALUES (214, 178, 'morning', '2024-12-16', '2024-12-22', 40, '[\"Wednesday\", \"Tuesday\", \"Sunday\", \"Friday\"]', 8, '[3, 1, 2]');
INSERT INTO `shift_preference` VALUES (215, 179, 'morning', '2024-12-16', '2024-12-22', 40, '[\"Friday\", \"Thursday\", \"Wednesday\", \"Saturday\", \"Tuesday\"]', 8, '[1, 3, 2]');
INSERT INTO `shift_preference` VALUES (216, 180, 'afternoon', '2024-12-16', '2024-12-22', 40, '[\"Monday\", \"Sunday\", \"Friday\", \"Thursday\"]', 8, '[3, 2, 1]');
INSERT INTO `shift_preference` VALUES (217, 181, 'night', '2024-12-16', '2024-12-22', 40, '[\"Wednesday\", \"Saturday\", \"Tuesday\", \"Sunday\"]', 8, '[1, 2, 3]');
INSERT INTO `shift_preference` VALUES (218, 182, 'afternoon', '2024-12-16', '2024-12-22', 40, '[\"Monday\", \"Wednesday\", \"Tuesday\", \"Saturday\", \"Thursday\", \"Sunday\", \"Friday\"]', 8, '[1, 2, 3]');
INSERT INTO `shift_preference` VALUES (219, 183, 'night', '2024-12-16', '2024-12-22', 40, '[\"Tuesday\", \"Saturday\", \"Monday\", \"Sunday\", \"Thursday\", \"Friday\"]', 8, '[3, 1, 2]');
INSERT INTO `shift_preference` VALUES (220, 184, 'night', '2024-12-16', '2024-12-22', 40, '[\"Sunday\"]', 8, '[2, 3, 1]');
INSERT INTO `shift_preference` VALUES (221, 185, 'afternoon', '2024-12-16', '2024-12-22', 40, '[\"Thursday\", \"Wednesday\", \"Tuesday\", \"Monday\", \"Sunday\", \"Friday\", \"Saturday\"]', 8, '[2, 1, 3]');
INSERT INTO `shift_preference` VALUES (222, 186, 'afternoon', '2024-12-16', '2024-12-22', 40, '[\"Saturday\", \"Friday\", \"Tuesday\", \"Wednesday\", \"Monday\", \"Sunday\", \"Thursday\"]', 8, '[1, 3, 2]');
INSERT INTO `shift_preference` VALUES (223, 187, 'afternoon', '2024-12-16', '2024-12-22', 40, '[\"Saturday\", \"Sunday\", \"Monday\", \"Friday\"]', 8, '[1, 2, 3]');
INSERT INTO `shift_preference` VALUES (224, 188, 'afternoon', '2024-12-16', '2024-12-22', 40, '[\"Friday\", \"Thursday\", \"Tuesday\", \"Sunday\"]', 8, '[3, 1, 2]');
INSERT INTO `shift_preference` VALUES (225, 189, 'morning', '2024-12-16', '2024-12-22', 40, '[\"Thursday\", \"Monday\", \"Sunday\", \"Tuesday\", \"Saturday\"]', 8, '[3, 2, 1]');
INSERT INTO `shift_preference` VALUES (226, 190, 'afternoon', '2024-12-16', '2024-12-22', 40, '[\"Sunday\", \"Wednesday\"]', 8, '[1, 2, 3]');
INSERT INTO `shift_preference` VALUES (227, 191, 'afternoon', '2024-12-16', '2024-12-22', 40, '[\"Monday\", \"Tuesday\"]', 8, '[1, 3, 2]');
INSERT INTO `shift_preference` VALUES (228, 2, 'night', '2024-12-09', '2024-12-15', 40, '[\"Monday\", \"Sunday\", \"Thursday\", \"Wednesday\"]', 8, '[1, 3, 2]');
INSERT INTO `shift_preference` VALUES (229, 9, 'morning', '2024-12-09', '2024-12-15', 40, '[\"Sunday\", \"Thursday\", \"Saturday\", \"Monday\", \"Friday\", \"Tuesday\", \"Wednesday\"]', 8, '[3, 1, 2]');
INSERT INTO `shift_preference` VALUES (230, 10, 'night', '2024-12-09', '2024-12-15', 40, '[\"Saturday\", \"Monday\", \"Friday\", \"Sunday\"]', 8, '[1, 3, 2]');
INSERT INTO `shift_preference` VALUES (231, 11, 'afternoon', '2024-12-09', '2024-12-15', 40, '[\"Tuesday\", \"Thursday\", \"Sunday\", \"Monday\", \"Wednesday\", \"Friday\"]', 8, '[2, 3, 1]');
INSERT INTO `shift_preference` VALUES (232, 12, 'night', '2024-12-09', '2024-12-15', 40, '[\"Thursday\", \"Monday\", \"Wednesday\"]', 8, '[3, 2, 1]');
INSERT INTO `shift_preference` VALUES (233, 13, 'afternoon', '2024-12-09', '2024-12-15', 40, '[\"Sunday\", \"Wednesday\", \"Thursday\", \"Friday\", \"Tuesday\", \"Monday\", \"Saturday\"]', 8, '[1, 2, 3]');
INSERT INTO `shift_preference` VALUES (234, 14, 'night', '2024-12-09', '2024-12-15', 40, '[\"Tuesday\", \"Monday\", \"Wednesday\"]', 8, '[1, 2, 3]');
INSERT INTO `shift_preference` VALUES (235, 15, 'night', '2024-12-09', '2024-12-15', 40, '[\"Thursday\", \"Monday\", \"Wednesday\", \"Sunday\", \"Tuesday\"]', 8, '[1, 2, 3]');
INSERT INTO `shift_preference` VALUES (236, 16, 'night', '2024-12-09', '2024-12-15', 40, '[\"Sunday\", \"Monday\", \"Saturday\", \"Wednesday\", \"Tuesday\"]', 8, '[2, 1, 3]');
INSERT INTO `shift_preference` VALUES (237, 17, 'morning', '2024-12-09', '2024-12-15', 40, '[\"Monday\", \"Saturday\", \"Sunday\", \"Wednesday\", \"Friday\", \"Thursday\"]', 8, '[2, 3, 1]');
INSERT INTO `shift_preference` VALUES (238, 18, 'night', '2024-12-09', '2024-12-15', 40, '[\"Saturday\", \"Tuesday\", \"Thursday\", \"Wednesday\", \"Friday\", \"Sunday\", \"Monday\"]', 8, '[1, 3, 2]');
INSERT INTO `shift_preference` VALUES (239, 19, 'morning', '2024-12-09', '2024-12-15', 40, '[\"Friday\", \"Monday\", \"Wednesday\", \"Thursday\", \"Saturday\"]', 8, '[1, 2, 3]');
INSERT INTO `shift_preference` VALUES (240, 20, 'night', '2024-12-09', '2024-12-15', 40, '[\"Sunday\", \"Wednesday\", \"Tuesday\"]', 8, '[1, 2, 3]');
INSERT INTO `shift_preference` VALUES (241, 21, 'afternoon', '2024-12-09', '2024-12-15', 40, '[\"Monday\", \"Sunday\"]', 8, '[2, 3, 1]');
INSERT INTO `shift_preference` VALUES (242, 22, 'morning', '2024-12-09', '2024-12-15', 40, '[\"Friday\", \"Sunday\", \"Saturday\", \"Tuesday\", \"Monday\", \"Wednesday\"]', 8, '[2, 3, 1]');
INSERT INTO `shift_preference` VALUES (243, 23, 'afternoon', '2024-12-09', '2024-12-15', 40, '[\"Friday\", \"Thursday\", \"Wednesday\", \"Tuesday\", \"Sunday\", \"Saturday\", \"Monday\"]', 8, '[1, 3, 2]');
INSERT INTO `shift_preference` VALUES (244, 24, 'morning', '2024-12-09', '2024-12-15', 40, '[\"Thursday\", \"Monday\", \"Saturday\", \"Sunday\", \"Friday\", \"Tuesday\", \"Wednesday\"]', 8, '[2, 1, 3]');
INSERT INTO `shift_preference` VALUES (245, 25, 'night', '2024-12-09', '2024-12-15', 40, '[\"Sunday\", \"Monday\", \"Wednesday\", \"Friday\", \"Thursday\", \"Saturday\"]', 8, '[1, 3, 2]');
INSERT INTO `shift_preference` VALUES (246, 26, 'morning', '2024-12-09', '2024-12-15', 40, '[\"Thursday\", \"Friday\"]', 8, '[1, 3, 2]');
INSERT INTO `shift_preference` VALUES (247, 27, 'morning', '2024-12-09', '2024-12-15', 40, '[\"Tuesday\", \"Sunday\", \"Thursday\", \"Wednesday\", \"Monday\", \"Friday\"]', 8, '[1, 2, 3]');
INSERT INTO `shift_preference` VALUES (248, 28, 'afternoon', '2024-12-09', '2024-12-15', 40, '[\"Monday\", \"Sunday\", \"Thursday\", \"Wednesday\", \"Friday\", \"Saturday\", \"Tuesday\"]', 8, '[2, 3, 1]');
INSERT INTO `shift_preference` VALUES (249, 29, 'night', '2024-12-09', '2024-12-15', 40, '[\"Saturday\", \"Thursday\", \"Tuesday\", \"Sunday\"]', 8, '[3, 1, 2]');
INSERT INTO `shift_preference` VALUES (250, 30, 'night', '2024-12-09', '2024-12-15', 40, '[\"Sunday\", \"Saturday\", \"Monday\", \"Friday\", \"Thursday\", \"Wednesday\", \"Tuesday\"]', 8, '[2, 1, 3]');
INSERT INTO `shift_preference` VALUES (251, 31, 'morning', '2024-12-09', '2024-12-15', 40, '[\"Wednesday\", \"Friday\", \"Tuesday\", \"Thursday\", \"Saturday\", \"Sunday\"]', 8, '[2, 3, 1]');
INSERT INTO `shift_preference` VALUES (252, 32, 'morning', '2024-12-09', '2024-12-15', 40, '[\"Wednesday\", \"Tuesday\"]', 8, '[1, 3, 2]');
INSERT INTO `shift_preference` VALUES (253, 33, 'afternoon', '2024-12-09', '2024-12-15', 40, '[\"Saturday\", \"Wednesday\", \"Friday\", \"Tuesday\", \"Sunday\", \"Monday\"]', 8, '[2, 1, 3]');
INSERT INTO `shift_preference` VALUES (254, 34, 'morning', '2024-12-09', '2024-12-15', 40, '[\"Sunday\"]', 8, '[1, 3, 2]');
INSERT INTO `shift_preference` VALUES (255, 35, 'morning', '2024-12-09', '2024-12-15', 40, '[\"Sunday\"]', 8, '[2, 3, 1]');
INSERT INTO `shift_preference` VALUES (256, 36, 'night', '2024-12-09', '2024-12-15', 40, '[\"Thursday\", \"Sunday\", \"Wednesday\"]', 8, '[1, 3, 2]');
INSERT INTO `shift_preference` VALUES (257, 37, 'night', '2024-12-09', '2024-12-15', 40, '[\"Wednesday\", \"Friday\", \"Saturday\", \"Tuesday\", \"Monday\", \"Sunday\"]', 8, '[2, 1, 3]');
INSERT INTO `shift_preference` VALUES (258, 38, 'afternoon', '2024-12-09', '2024-12-15', 40, '[\"Saturday\", \"Tuesday\", \"Friday\", \"Thursday\"]', 8, '[3, 1, 2]');
INSERT INTO `shift_preference` VALUES (259, 39, 'morning', '2024-12-09', '2024-12-15', 40, '[\"Tuesday\", \"Wednesday\"]', 8, '[2, 3, 1]');
INSERT INTO `shift_preference` VALUES (260, 48, 'afternoon', '2024-12-09', '2024-12-15', 40, '[\"Tuesday\", \"Wednesday\", \"Thursday\"]', 8, '[3, 1, 2]');
INSERT INTO `shift_preference` VALUES (261, 50, 'night', '2024-12-09', '2024-12-15', 40, '[\"Wednesday\", \"Saturday\", \"Sunday\", \"Monday\", \"Tuesday\"]', 8, '[3, 1, 2]');
INSERT INTO `shift_preference` VALUES (262, 52, 'afternoon', '2024-12-09', '2024-12-15', 40, '[\"Saturday\", \"Friday\"]', 8, '[3, 2, 1]');
INSERT INTO `shift_preference` VALUES (263, 54, 'night', '2024-12-09', '2024-12-15', 40, '[\"Thursday\", \"Saturday\", \"Tuesday\", \"Wednesday\", \"Monday\", \"Sunday\", \"Friday\"]', 8, '[3, 2, 1]');
INSERT INTO `shift_preference` VALUES (264, 55, 'afternoon', '2024-12-09', '2024-12-15', 40, '[\"Friday\", \"Thursday\"]', 8, '[2, 3, 1]');
INSERT INTO `shift_preference` VALUES (265, 146, 'morning', '2024-12-09', '2024-12-15', 40, '[\"Thursday\", \"Wednesday\"]', 8, '[3, 2, 1]');
INSERT INTO `shift_preference` VALUES (266, 151, 'morning', '2024-12-09', '2024-12-15', 40, '[\"Wednesday\", \"Saturday\", \"Monday\", \"Thursday\"]', 8, '[2, 1, 3]');
INSERT INTO `shift_preference` VALUES (267, 152, 'afternoon', '2024-12-09', '2024-12-15', 40, '[\"Sunday\", \"Wednesday\", \"Monday\"]', 8, '[2, 3, 1]');
INSERT INTO `shift_preference` VALUES (268, 153, 'morning', '2024-12-09', '2024-12-15', 40, '[\"Thursday\", \"Wednesday\", \"Tuesday\"]', 8, '[2, 3, 1]');
INSERT INTO `shift_preference` VALUES (269, 154, 'morning', '2024-12-09', '2024-12-15', 40, '[\"Saturday\", \"Tuesday\", \"Sunday\"]', 8, '[1, 2, 3]');
INSERT INTO `shift_preference` VALUES (270, 155, 'morning', '2024-12-09', '2024-12-15', 40, '[\"Monday\", \"Saturday\", \"Friday\"]', 8, '[1, 2, 3]');
INSERT INTO `shift_preference` VALUES (271, 156, 'afternoon', '2024-12-09', '2024-12-15', 40, '[\"Wednesday\", \"Saturday\", \"Monday\"]', 8, '[3, 2, 1]');
INSERT INTO `shift_preference` VALUES (272, 157, 'morning', '2024-12-09', '2024-12-15', 40, '[\"Sunday\"]', 8, '[3, 2, 1]');
INSERT INTO `shift_preference` VALUES (273, 158, 'afternoon', '2024-12-09', '2024-12-15', 40, '[\"Tuesday\"]', 8, '[1, 2, 3]');
INSERT INTO `shift_preference` VALUES (274, 159, 'night', '2024-12-09', '2024-12-15', 40, '[\"Thursday\"]', 8, '[2, 1, 3]');
INSERT INTO `shift_preference` VALUES (275, 160, 'night', '2024-12-09', '2024-12-15', 40, '[\"Wednesday\", \"Saturday\", \"Tuesday\", \"Sunday\"]', 8, '[3, 2, 1]');
INSERT INTO `shift_preference` VALUES (276, 161, 'morning', '2024-12-09', '2024-12-15', 40, '[\"Wednesday\", \"Thursday\", \"Saturday\"]', 8, '[2, 3, 1]');
INSERT INTO `shift_preference` VALUES (277, 162, 'morning', '2024-12-09', '2024-12-15', 40, '[\"Sunday\", \"Tuesday\", \"Wednesday\"]', 8, '[1, 2, 3]');
INSERT INTO `shift_preference` VALUES (278, 163, 'night', '2024-12-09', '2024-12-15', 40, '[\"Friday\", \"Saturday\", \"Sunday\", \"Monday\", \"Tuesday\"]', 8, '[3, 1, 2]');
INSERT INTO `shift_preference` VALUES (279, 164, 'afternoon', '2024-12-09', '2024-12-15', 40, '[\"Friday\", \"Wednesday\"]', 8, '[2, 3, 1]');
INSERT INTO `shift_preference` VALUES (280, 165, 'afternoon', '2024-12-09', '2024-12-15', 40, '[\"Wednesday\", \"Sunday\"]', 8, '[1, 3, 2]');
INSERT INTO `shift_preference` VALUES (281, 166, 'night', '2024-12-09', '2024-12-15', 40, '[\"Friday\"]', 8, '[3, 1, 2]');
INSERT INTO `shift_preference` VALUES (282, 167, 'afternoon', '2024-12-09', '2024-12-15', 40, '[\"Monday\", \"Wednesday\", \"Sunday\"]', 8, '[3, 1, 2]');
INSERT INTO `shift_preference` VALUES (283, 168, 'night', '2024-12-09', '2024-12-15', 40, '[\"Wednesday\", \"Saturday\"]', 8, '[1, 3, 2]');
INSERT INTO `shift_preference` VALUES (284, 169, 'morning', '2024-12-09', '2024-12-15', 40, '[\"Thursday\", \"Friday\", \"Monday\", \"Tuesday\"]', 8, '[3, 2, 1]');
INSERT INTO `shift_preference` VALUES (285, 170, 'afternoon', '2024-12-09', '2024-12-15', 40, '[\"Thursday\", \"Monday\", \"Wednesday\"]', 8, '[3, 1, 2]');
INSERT INTO `shift_preference` VALUES (286, 171, 'morning', '2024-12-09', '2024-12-15', 40, '[\"Wednesday\", \"Thursday\", \"Friday\"]', 8, '[2, 3, 1]');
INSERT INTO `shift_preference` VALUES (287, 172, 'night', '2024-12-09', '2024-12-15', 40, '[\"Saturday\", \"Monday\", \"Thursday\", \"Tuesday\", \"Friday\", \"Wednesday\", \"Sunday\"]', 8, '[1, 3, 2]');
INSERT INTO `shift_preference` VALUES (288, 173, 'afternoon', '2024-12-09', '2024-12-15', 40, '[\"Saturday\"]', 8, '[2, 3, 1]');
INSERT INTO `shift_preference` VALUES (289, 174, 'afternoon', '2024-12-09', '2024-12-15', 40, '[\"Monday\"]', 8, '[3, 2, 1]');
INSERT INTO `shift_preference` VALUES (290, 175, 'morning', '2024-12-09', '2024-12-15', 40, '[\"Tuesday\", \"Wednesday\", \"Saturday\", \"Friday\", \"Sunday\"]', 8, '[3, 2, 1]');
INSERT INTO `shift_preference` VALUES (291, 176, 'night', '2024-12-09', '2024-12-15', 40, '[\"Sunday\"]', 8, '[2, 3, 1]');
INSERT INTO `shift_preference` VALUES (292, 177, 'night', '2024-12-09', '2024-12-15', 40, '[\"Tuesday\", \"Sunday\", \"Saturday\", \"Monday\", \"Friday\", \"Thursday\", \"Wednesday\"]', 8, '[2, 1, 3]');
INSERT INTO `shift_preference` VALUES (293, 178, 'afternoon', '2024-12-09', '2024-12-15', 40, '[\"Friday\", \"Wednesday\", \"Sunday\"]', 8, '[2, 3, 1]');
INSERT INTO `shift_preference` VALUES (294, 179, 'afternoon', '2024-12-09', '2024-12-15', 40, '[\"Thursday\", \"Friday\", \"Tuesday\", \"Monday\"]', 8, '[1, 3, 2]');
INSERT INTO `shift_preference` VALUES (295, 180, 'afternoon', '2024-12-09', '2024-12-15', 40, '[\"Monday\", \"Friday\", \"Thursday\", \"Tuesday\", \"Sunday\", \"Wednesday\", \"Saturday\"]', 8, '[3, 1, 2]');
INSERT INTO `shift_preference` VALUES (296, 181, 'afternoon', '2024-12-09', '2024-12-15', 40, '[\"Thursday\", \"Friday\", \"Saturday\", \"Monday\", \"Wednesday\", \"Tuesday\", \"Sunday\"]', 8, '[3, 2, 1]');
INSERT INTO `shift_preference` VALUES (297, 182, 'night', '2024-12-09', '2024-12-15', 40, '[\"Thursday\", \"Sunday\", \"Friday\"]', 8, '[1, 2, 3]');
INSERT INTO `shift_preference` VALUES (298, 183, 'night', '2024-12-09', '2024-12-15', 40, '[\"Thursday\"]', 8, '[1, 3, 2]');
INSERT INTO `shift_preference` VALUES (299, 184, 'night', '2024-12-09', '2024-12-15', 40, '[\"Sunday\", \"Thursday\", \"Saturday\", \"Monday\", \"Friday\", \"Tuesday\"]', 8, '[3, 2, 1]');
INSERT INTO `shift_preference` VALUES (300, 185, 'afternoon', '2024-12-09', '2024-12-15', 40, '[\"Saturday\", \"Monday\", \"Tuesday\", \"Thursday\"]', 8, '[2, 1, 3]');
INSERT INTO `shift_preference` VALUES (301, 186, 'afternoon', '2024-12-09', '2024-12-15', 40, '[\"Sunday\", \"Monday\"]', 8, '[1, 2, 3]');
INSERT INTO `shift_preference` VALUES (302, 187, 'morning', '2024-12-09', '2024-12-15', 40, '[\"Tuesday\", \"Sunday\", \"Monday\", \"Thursday\", \"Saturday\"]', 8, '[1, 2, 3]');
INSERT INTO `shift_preference` VALUES (303, 188, 'night', '2024-12-09', '2024-12-15', 40, '[\"Wednesday\", \"Thursday\", \"Sunday\", \"Monday\", \"Tuesday\", \"Friday\"]', 8, '[1, 2, 3]');
INSERT INTO `shift_preference` VALUES (304, 189, 'night', '2024-12-09', '2024-12-15', 40, '[\"Saturday\", \"Monday\", \"Friday\", \"Thursday\", \"Wednesday\", \"Sunday\"]', 8, '[1, 3, 2]');
INSERT INTO `shift_preference` VALUES (305, 190, 'morning', '2024-12-09', '2024-12-15', 40, '[\"Monday\"]', 8, '[3, 2, 1]');
INSERT INTO `shift_preference` VALUES (306, 191, 'morning', '2024-12-09', '2024-12-15', 40, '[\"Wednesday\"]', 8, '[2, 3, 1]');
INSERT INTO `shift_preference` VALUES (307, 2, 'night', '2024-12-23', '2024-12-29', 40, '[\"Wednesday\", \"Sunday\", \"Tuesday\", \"Friday\", \"Thursday\", \"Saturday\"]', 8, '[2, 1, 3]');
INSERT INTO `shift_preference` VALUES (308, 9, 'morning', '2024-12-23', '2024-12-29', 40, '[\"Friday\", \"Tuesday\", \"Wednesday\", \"Sunday\", \"Monday\"]', 8, '[3, 2, 1]');
INSERT INTO `shift_preference` VALUES (309, 10, 'afternoon', '2024-12-23', '2024-12-29', 40, '[\"Thursday\", \"Wednesday\", \"Saturday\", \"Friday\", \"Sunday\", \"Monday\"]', 8, '[2, 1, 3]');
INSERT INTO `shift_preference` VALUES (310, 11, 'night', '2024-12-23', '2024-12-29', 40, '[\"Sunday\"]', 8, '[3, 2, 1]');
INSERT INTO `shift_preference` VALUES (311, 12, 'morning', '2024-12-23', '2024-12-29', 40, '[\"Wednesday\", \"Saturday\", \"Sunday\"]', 8, '[1, 2, 3]');
INSERT INTO `shift_preference` VALUES (312, 13, 'afternoon', '2024-12-23', '2024-12-29', 40, '[\"Monday\", \"Saturday\", \"Wednesday\", \"Tuesday\"]', 8, '[3, 2, 1]');
INSERT INTO `shift_preference` VALUES (313, 14, 'afternoon', '2024-12-23', '2024-12-29', 40, '[\"Friday\"]', 8, '[1, 3, 2]');
INSERT INTO `shift_preference` VALUES (314, 15, 'afternoon', '2024-12-23', '2024-12-29', 40, '[\"Sunday\", \"Tuesday\", \"Thursday\", \"Monday\", \"Wednesday\"]', 8, '[1, 3, 2]');
INSERT INTO `shift_preference` VALUES (315, 16, 'morning', '2024-12-23', '2024-12-29', 40, '[\"Wednesday\", \"Friday\", \"Tuesday\", \"Saturday\", \"Thursday\"]', 8, '[3, 2, 1]');
INSERT INTO `shift_preference` VALUES (316, 17, 'afternoon', '2024-12-23', '2024-12-29', 40, '[\"Tuesday\"]', 8, '[2, 3, 1]');
INSERT INTO `shift_preference` VALUES (317, 18, 'night', '2024-12-23', '2024-12-29', 40, '[\"Sunday\", \"Thursday\", \"Wednesday\", \"Monday\", \"Saturday\"]', 8, '[3, 2, 1]');
INSERT INTO `shift_preference` VALUES (318, 19, 'night', '2024-12-23', '2024-12-29', 40, '[\"Wednesday\", \"Sunday\", \"Monday\"]', 8, '[1, 3, 2]');
INSERT INTO `shift_preference` VALUES (319, 20, 'morning', '2024-12-23', '2024-12-29', 40, '[\"Friday\", \"Saturday\", \"Thursday\", \"Monday\"]', 8, '[3, 2, 1]');
INSERT INTO `shift_preference` VALUES (320, 21, 'afternoon', '2024-12-23', '2024-12-29', 40, '[\"Tuesday\"]', 8, '[2, 1, 3]');
INSERT INTO `shift_preference` VALUES (321, 22, 'night', '2024-12-23', '2024-12-29', 40, '[\"Wednesday\", \"Tuesday\", \"Thursday\"]', 8, '[3, 1, 2]');
INSERT INTO `shift_preference` VALUES (322, 23, 'morning', '2024-12-23', '2024-12-29', 40, '[\"Thursday\", \"Saturday\", \"Sunday\"]', 8, '[1, 3, 2]');
INSERT INTO `shift_preference` VALUES (323, 24, 'morning', '2024-12-23', '2024-12-29', 40, '[\"Thursday\", \"Saturday\", \"Friday\", \"Wednesday\", \"Sunday\"]', 8, '[1, 2, 3]');
INSERT INTO `shift_preference` VALUES (324, 25, 'morning', '2024-12-23', '2024-12-29', 40, '[\"Friday\", \"Saturday\", \"Thursday\", \"Sunday\"]', 8, '[2, 1, 3]');
INSERT INTO `shift_preference` VALUES (325, 26, 'morning', '2024-12-23', '2024-12-29', 40, '[\"Sunday\", \"Wednesday\"]', 8, '[3, 1, 2]');
INSERT INTO `shift_preference` VALUES (326, 27, 'night', '2024-12-23', '2024-12-29', 40, '[\"Monday\", \"Friday\", \"Saturday\"]', 8, '[1, 3, 2]');
INSERT INTO `shift_preference` VALUES (327, 28, 'night', '2024-12-23', '2024-12-29', 40, '[\"Monday\", \"Sunday\", \"Friday\", \"Tuesday\", \"Thursday\", \"Saturday\", \"Wednesday\"]', 8, '[3, 1, 2]');
INSERT INTO `shift_preference` VALUES (328, 29, 'afternoon', '2024-12-23', '2024-12-29', 40, '[\"Wednesday\", \"Monday\", \"Saturday\"]', 8, '[2, 1, 3]');
INSERT INTO `shift_preference` VALUES (329, 30, 'morning', '2024-12-23', '2024-12-29', 40, '[\"Tuesday\", \"Friday\", \"Monday\", \"Thursday\", \"Wednesday\", \"Saturday\"]', 8, '[1, 2, 3]');
INSERT INTO `shift_preference` VALUES (330, 31, 'afternoon', '2024-12-23', '2024-12-29', 40, '[\"Thursday\"]', 8, '[2, 1, 3]');
INSERT INTO `shift_preference` VALUES (331, 32, 'night', '2024-12-23', '2024-12-29', 40, '[\"Saturday\", \"Tuesday\", \"Thursday\", \"Sunday\", \"Wednesday\", \"Monday\", \"Friday\"]', 8, '[3, 2, 1]');
INSERT INTO `shift_preference` VALUES (332, 33, 'afternoon', '2024-12-23', '2024-12-29', 40, '[\"Monday\", \"Wednesday\", \"Saturday\", \"Sunday\", \"Tuesday\"]', 8, '[2, 1, 3]');
INSERT INTO `shift_preference` VALUES (333, 34, 'afternoon', '2024-12-23', '2024-12-29', 40, '[\"Wednesday\", \"Tuesday\", \"Sunday\", \"Friday\", \"Saturday\", \"Thursday\"]', 8, '[2, 3, 1]');
INSERT INTO `shift_preference` VALUES (334, 35, 'morning', '2024-12-23', '2024-12-29', 40, '[\"Thursday\", \"Saturday\", \"Sunday\", \"Wednesday\", \"Friday\"]', 8, '[2, 3, 1]');
INSERT INTO `shift_preference` VALUES (335, 36, 'afternoon', '2024-12-23', '2024-12-29', 40, '[\"Tuesday\", \"Thursday\", \"Wednesday\"]', 8, '[1, 3, 2]');
INSERT INTO `shift_preference` VALUES (336, 37, 'afternoon', '2024-12-23', '2024-12-29', 40, '[\"Wednesday\", \"Thursday\"]', 8, '[2, 3, 1]');
INSERT INTO `shift_preference` VALUES (337, 38, 'afternoon', '2024-12-23', '2024-12-29', 40, '[\"Saturday\", \"Thursday\"]', 8, '[2, 3, 1]');
INSERT INTO `shift_preference` VALUES (338, 39, 'afternoon', '2024-12-23', '2024-12-29', 40, '[\"Saturday\", \"Friday\", \"Sunday\", \"Wednesday\", \"Tuesday\", \"Thursday\", \"Monday\"]', 8, '[2, 3, 1]');
INSERT INTO `shift_preference` VALUES (339, 48, 'night', '2024-12-23', '2024-12-29', 40, '[\"Monday\", \"Thursday\", \"Tuesday\", \"Sunday\", \"Saturday\", \"Friday\"]', 8, '[1, 2, 3]');
INSERT INTO `shift_preference` VALUES (340, 50, 'night', '2024-12-23', '2024-12-29', 40, '[\"Tuesday\", \"Thursday\", \"Friday\", \"Sunday\", \"Saturday\"]', 8, '[2, 3, 1]');
INSERT INTO `shift_preference` VALUES (341, 52, 'morning', '2024-12-23', '2024-12-29', 40, '[\"Tuesday\", \"Saturday\", \"Thursday\", \"Friday\", \"Wednesday\"]', 8, '[1, 3, 2]');
INSERT INTO `shift_preference` VALUES (342, 54, 'morning', '2024-12-23', '2024-12-29', 40, '[\"Friday\"]', 8, '[1, 2, 3]');
INSERT INTO `shift_preference` VALUES (343, 55, 'afternoon', '2024-12-23', '2024-12-29', 40, '[\"Monday\", \"Tuesday\", \"Sunday\", \"Wednesday\", \"Friday\"]', 8, '[3, 1, 2]');
INSERT INTO `shift_preference` VALUES (344, 146, 'night', '2024-12-23', '2024-12-29', 40, '[\"Friday\", \"Saturday\"]', 8, '[1, 2, 3]');
INSERT INTO `shift_preference` VALUES (345, 151, 'night', '2024-12-23', '2024-12-29', 40, '[\"Sunday\", \"Saturday\"]', 8, '[2, 3, 1]');
INSERT INTO `shift_preference` VALUES (346, 152, 'afternoon', '2024-12-23', '2024-12-29', 40, '[\"Tuesday\", \"Friday\"]', 8, '[3, 1, 2]');
INSERT INTO `shift_preference` VALUES (347, 153, 'morning', '2024-12-23', '2024-12-29', 40, '[\"Tuesday\", \"Friday\"]', 8, '[2, 3, 1]');
INSERT INTO `shift_preference` VALUES (348, 154, 'afternoon', '2024-12-23', '2024-12-29', 40, '[\"Monday\", \"Friday\", \"Sunday\", \"Wednesday\"]', 8, '[1, 3, 2]');
INSERT INTO `shift_preference` VALUES (349, 155, 'afternoon', '2024-12-23', '2024-12-29', 40, '[\"Monday\"]', 8, '[2, 3, 1]');
INSERT INTO `shift_preference` VALUES (350, 156, 'afternoon', '2024-12-23', '2024-12-29', 40, '[\"Wednesday\", \"Sunday\", \"Thursday\"]', 8, '[1, 2, 3]');
INSERT INTO `shift_preference` VALUES (351, 157, 'morning', '2024-12-23', '2024-12-29', 40, '[\"Sunday\", \"Tuesday\", \"Saturday\"]', 8, '[1, 3, 2]');
INSERT INTO `shift_preference` VALUES (352, 158, 'afternoon', '2024-12-23', '2024-12-29', 40, '[\"Tuesday\"]', 8, '[3, 2, 1]');
INSERT INTO `shift_preference` VALUES (353, 159, 'morning', '2024-12-23', '2024-12-29', 40, '[\"Saturday\", \"Monday\", \"Sunday\", \"Thursday\", \"Tuesday\"]', 8, '[1, 2, 3]');
INSERT INTO `shift_preference` VALUES (354, 160, 'afternoon', '2024-12-23', '2024-12-29', 40, '[\"Saturday\"]', 8, '[1, 2, 3]');
INSERT INTO `shift_preference` VALUES (355, 161, 'morning', '2024-12-23', '2024-12-29', 40, '[\"Sunday\", \"Tuesday\", \"Thursday\"]', 8, '[2, 1, 3]');
INSERT INTO `shift_preference` VALUES (356, 162, 'night', '2024-12-23', '2024-12-29', 40, '[\"Friday\", \"Wednesday\"]', 8, '[3, 1, 2]');
INSERT INTO `shift_preference` VALUES (357, 163, 'afternoon', '2024-12-23', '2024-12-29', 40, '[\"Tuesday\", \"Wednesday\"]', 8, '[3, 1, 2]');
INSERT INTO `shift_preference` VALUES (358, 164, 'afternoon', '2024-12-23', '2024-12-29', 40, '[\"Thursday\", \"Friday\", \"Monday\"]', 8, '[3, 1, 2]');
INSERT INTO `shift_preference` VALUES (359, 165, 'afternoon', '2024-12-23', '2024-12-29', 40, '[\"Sunday\", \"Tuesday\", \"Saturday\", \"Thursday\", \"Monday\"]', 8, '[3, 1, 2]');
INSERT INTO `shift_preference` VALUES (360, 166, 'afternoon', '2024-12-23', '2024-12-29', 40, '[\"Monday\", \"Thursday\", \"Saturday\", \"Friday\", \"Wednesday\", \"Tuesday\"]', 8, '[2, 1, 3]');
INSERT INTO `shift_preference` VALUES (361, 167, 'morning', '2024-12-23', '2024-12-29', 40, '[\"Monday\", \"Thursday\", \"Tuesday\", \"Wednesday\"]', 8, '[1, 3, 2]');
INSERT INTO `shift_preference` VALUES (362, 168, 'night', '2024-12-23', '2024-12-29', 40, '[\"Saturday\", \"Sunday\", \"Wednesday\", \"Thursday\"]', 8, '[3, 2, 1]');
INSERT INTO `shift_preference` VALUES (363, 169, 'afternoon', '2024-12-23', '2024-12-29', 40, '[\"Thursday\", \"Saturday\", \"Monday\"]', 8, '[2, 1, 3]');
INSERT INTO `shift_preference` VALUES (364, 170, 'morning', '2024-12-23', '2024-12-29', 40, '[\"Sunday\", \"Thursday\", \"Friday\", \"Saturday\"]', 8, '[3, 2, 1]');
INSERT INTO `shift_preference` VALUES (365, 171, 'night', '2024-12-23', '2024-12-29', 40, '[\"Tuesday\", \"Saturday\"]', 8, '[3, 2, 1]');
INSERT INTO `shift_preference` VALUES (366, 172, 'night', '2024-12-23', '2024-12-29', 40, '[\"Monday\", \"Saturday\", \"Friday\", \"Thursday\", \"Sunday\", \"Wednesday\", \"Tuesday\"]', 8, '[1, 3, 2]');
INSERT INTO `shift_preference` VALUES (367, 173, 'afternoon', '2024-12-23', '2024-12-29', 40, '[\"Sunday\", \"Saturday\", \"Friday\", \"Wednesday\", \"Monday\", \"Thursday\"]', 8, '[1, 3, 2]');
INSERT INTO `shift_preference` VALUES (368, 174, 'afternoon', '2024-12-23', '2024-12-29', 40, '[\"Tuesday\", \"Saturday\", \"Friday\", \"Monday\", \"Thursday\", \"Sunday\"]', 8, '[2, 3, 1]');
INSERT INTO `shift_preference` VALUES (369, 175, 'afternoon', '2024-12-23', '2024-12-29', 40, '[\"Thursday\", \"Friday\", \"Tuesday\"]', 8, '[2, 1, 3]');
INSERT INTO `shift_preference` VALUES (370, 176, 'morning', '2024-12-23', '2024-12-29', 40, '[\"Saturday\", \"Sunday\", \"Wednesday\", \"Thursday\", \"Tuesday\"]', 8, '[1, 2, 3]');
INSERT INTO `shift_preference` VALUES (371, 177, 'morning', '2024-12-23', '2024-12-29', 40, '[\"Monday\", \"Friday\"]', 8, '[1, 3, 2]');
INSERT INTO `shift_preference` VALUES (372, 178, 'afternoon', '2024-12-23', '2024-12-29', 40, '[\"Monday\", \"Wednesday\", \"Tuesday\", \"Saturday\", \"Friday\"]', 8, '[2, 1, 3]');
INSERT INTO `shift_preference` VALUES (373, 179, 'night', '2024-12-23', '2024-12-29', 40, '[\"Monday\", \"Saturday\", \"Wednesday\", \"Sunday\", \"Tuesday\", \"Thursday\"]', 8, '[2, 1, 3]');
INSERT INTO `shift_preference` VALUES (374, 180, 'afternoon', '2024-12-23', '2024-12-29', 40, '[\"Tuesday\", \"Thursday\", \"Sunday\", \"Friday\", \"Wednesday\"]', 8, '[3, 1, 2]');
INSERT INTO `shift_preference` VALUES (375, 181, 'night', '2024-12-23', '2024-12-29', 40, '[\"Saturday\", \"Wednesday\", \"Sunday\", \"Tuesday\", \"Monday\", \"Friday\"]', 8, '[1, 3, 2]');
INSERT INTO `shift_preference` VALUES (376, 182, 'morning', '2024-12-23', '2024-12-29', 40, '[\"Wednesday\", \"Tuesday\", \"Monday\", \"Sunday\", \"Friday\", \"Thursday\"]', 8, '[3, 1, 2]');
INSERT INTO `shift_preference` VALUES (377, 183, 'morning', '2024-12-23', '2024-12-29', 40, '[\"Saturday\", \"Tuesday\"]', 8, '[1, 2, 3]');
INSERT INTO `shift_preference` VALUES (378, 184, 'afternoon', '2024-12-23', '2024-12-29', 40, '[\"Sunday\", \"Monday\"]', 8, '[1, 2, 3]');
INSERT INTO `shift_preference` VALUES (379, 185, 'afternoon', '2024-12-23', '2024-12-29', 40, '[\"Thursday\", \"Sunday\", \"Tuesday\", \"Wednesday\", \"Saturday\"]', 8, '[2, 1, 3]');
INSERT INTO `shift_preference` VALUES (380, 186, 'morning', '2024-12-23', '2024-12-29', 40, '[\"Monday\", \"Sunday\"]', 8, '[3, 1, 2]');
INSERT INTO `shift_preference` VALUES (381, 187, 'night', '2024-12-23', '2024-12-29', 40, '[\"Tuesday\", \"Wednesday\"]', 8, '[3, 1, 2]');
INSERT INTO `shift_preference` VALUES (382, 188, 'night', '2024-12-23', '2024-12-29', 40, '[\"Friday\", \"Monday\", \"Saturday\", \"Tuesday\", \"Sunday\", \"Thursday\", \"Wednesday\"]', 8, '[3, 2, 1]');
INSERT INTO `shift_preference` VALUES (383, 189, 'afternoon', '2024-12-23', '2024-12-29', 40, '[\"Sunday\", \"Saturday\", \"Friday\", \"Wednesday\", \"Tuesday\", \"Monday\"]', 8, '[2, 3, 1]');
INSERT INTO `shift_preference` VALUES (384, 190, 'afternoon', '2024-12-23', '2024-12-29', 40, '[\"Saturday\", \"Tuesday\", \"Monday\", \"Sunday\", \"Friday\", \"Thursday\"]', 8, '[3, 1, 2]');
INSERT INTO `shift_preference` VALUES (385, 191, 'afternoon', '2024-12-23', '2024-12-29', 40, '[\"Sunday\", \"Monday\", \"Thursday\"]', 8, '[2, 3, 1]');
INSERT INTO `shift_preference` VALUES (388, 177, 'morning', '2024-12-16', '2024-12-22', 40, '[\"Friday\"]', 8, '[1, 3, 2]');
INSERT INTO `shift_preference` VALUES (389, 177, 'afternoon', '2024-12-30', '2025-01-05', 40, '[\"Monday\", \"Sunday\", \"Saturday\", \"Friday\", \"Thursday\", \"Tuesday\", \"Wednesday\"]', 8, '[1, 2, 3]');

-- ----------------------------
-- Table structure for shift_request
-- ----------------------------
DROP TABLE IF EXISTS `shift_request`;
CREATE TABLE `shift_request`  (
  `request_id` int NOT NULL AUTO_INCREMENT,
  `hospital_id` int NOT NULL,
  `supervisor_id` int NOT NULL,
  `shift_type` enum('morning','afternoon','night') CHARACTER SET utf8mb4 COLLATE utf8mb4_0900_ai_ci NOT NULL COMMENT '\'morning\',\'afternoon\',\'night\'',
  `hours_per_shift` int NOT NULL DEFAULT 8 COMMENT 'default 8',
  `nurse_number` int NOT NULL DEFAULT 6 COMMENT 'default 6',
  `min_seniority` int NOT NULL COMMENT 'min_seniority from 1to 10',
  `shift_date` date NOT NULL,
  `day_of_week` enum('Monday','Tuesday','Wednesday','Thursday','Friday','Saturday','Sunday') CHARACTER SET utf8mb4 COLLATE utf8mb4_general_ci NOT NULL,
  PRIMARY KEY (`request_id`) USING BTREE,
  INDEX `hospital_id`(`hospital_id` ASC) USING BTREE,
  INDEX `supervisor_id`(`supervisor_id` ASC) USING BTREE,
  CONSTRAINT `shift_request_ibfk_1` FOREIGN KEY (`hospital_id`) REFERENCES `hospital` (`h_id`) ON DELETE RESTRICT ON UPDATE RESTRICT,
  CONSTRAINT `shift_request_ibfk_2` FOREIGN KEY (`supervisor_id`) REFERENCES `user` (`u_id`) ON DELETE RESTRICT ON UPDATE RESTRICT,
  CONSTRAINT `min_seniority_check` CHECK (`min_seniority` between 1 and 10)
) ENGINE = InnoDB AUTO_INCREMENT = 264 CHARACTER SET = utf8mb4 COLLATE = utf8mb4_0900_ai_ci ROW_FORMAT = DYNAMIC;

-- ----------------------------
-- Records of shift_request
-- ----------------------------
INSERT INTO `shift_request` VALUES (1, 1, 42, 'night', 8, 4, 7, '2024-11-18', 'Monday');
INSERT INTO `shift_request` VALUES (2, 2, 46, 'night', 8, 3, 5, '2024-11-18', 'Monday');
INSERT INTO `shift_request` VALUES (3, 3, 47, 'night', 8, 2, 3, '2024-11-18', 'Monday');
INSERT INTO `shift_request` VALUES (4, 1, 42, 'afternoon', 8, 4, 5, '2024-11-18', 'Monday');
INSERT INTO `shift_request` VALUES (5, 2, 43, 'afternoon', 8, 2, 2, '2024-11-18', 'Monday');
INSERT INTO `shift_request` VALUES (6, 3, 44, 'afternoon', 8, 4, 10, '2024-11-18', 'Monday');
INSERT INTO `shift_request` VALUES (7, 1, 42, 'morning', 8, 2, 7, '2024-11-18', 'Monday');
INSERT INTO `shift_request` VALUES (8, 2, 43, 'morning', 8, 5, 10, '2024-11-18', 'Monday');
INSERT INTO `shift_request` VALUES (9, 3, 44, 'morning', 8, 5, 4, '2024-11-18', 'Monday');
INSERT INTO `shift_request` VALUES (10, 1, 42, 'night', 8, 2, 8, '2024-11-19', 'Tuesday');
INSERT INTO `shift_request` VALUES (11, 2, 43, 'night', 8, 4, 3, '2024-11-19', 'Tuesday');
INSERT INTO `shift_request` VALUES (12, 3, 44, 'night', 8, 4, 6, '2024-11-19', 'Tuesday');
INSERT INTO `shift_request` VALUES (13, 1, 53, 'afternoon', 8, 4, 10, '2024-11-19', 'Tuesday');
INSERT INTO `shift_request` VALUES (14, 2, 43, 'afternoon', 8, 5, 6, '2024-11-19', 'Tuesday');
INSERT INTO `shift_request` VALUES (15, 3, 51, 'afternoon', 8, 3, 6, '2024-11-19', 'Tuesday');
INSERT INTO `shift_request` VALUES (16, 1, 53, 'morning', 8, 4, 9, '2024-11-19', 'Tuesday');
INSERT INTO `shift_request` VALUES (17, 2, 46, 'morning', 8, 3, 10, '2024-11-19', 'Tuesday');
INSERT INTO `shift_request` VALUES (18, 3, 47, 'morning', 8, 3, 9, '2024-11-19', 'Tuesday');
INSERT INTO `shift_request` VALUES (19, 1, 53, 'night', 8, 3, 5, '2024-11-20', 'Wednesday');
INSERT INTO `shift_request` VALUES (20, 2, 43, 'night', 8, 4, 9, '2024-11-20', 'Wednesday');
INSERT INTO `shift_request` VALUES (21, 3, 47, 'night', 8, 4, 10, '2024-11-20', 'Wednesday');
INSERT INTO `shift_request` VALUES (22, 1, 42, 'afternoon', 8, 5, 2, '2024-11-20', 'Wednesday');
INSERT INTO `shift_request` VALUES (23, 2, 43, 'afternoon', 8, 5, 2, '2024-11-20', 'Wednesday');
INSERT INTO `shift_request` VALUES (24, 3, 47, 'afternoon', 8, 4, 6, '2024-11-20', 'Wednesday');
INSERT INTO `shift_request` VALUES (25, 1, 53, 'morning', 8, 5, 2, '2024-11-20', 'Wednesday');
INSERT INTO `shift_request` VALUES (26, 2, 46, 'morning', 8, 3, 10, '2024-11-20', 'Wednesday');
INSERT INTO `shift_request` VALUES (27, 3, 44, 'morning', 8, 2, 5, '2024-11-20', 'Wednesday');
INSERT INTO `shift_request` VALUES (28, 1, 53, 'night', 8, 5, 6, '2024-11-21', 'Thursday');
INSERT INTO `shift_request` VALUES (29, 2, 46, 'night', 8, 5, 3, '2024-11-21', 'Thursday');
INSERT INTO `shift_request` VALUES (30, 3, 44, 'night', 8, 3, 6, '2024-11-21', 'Thursday');
INSERT INTO `shift_request` VALUES (31, 1, 53, 'afternoon', 8, 3, 6, '2024-11-21', 'Thursday');
INSERT INTO `shift_request` VALUES (32, 2, 46, 'afternoon', 8, 3, 9, '2024-11-21', 'Thursday');
INSERT INTO `shift_request` VALUES (33, 3, 51, 'afternoon', 8, 3, 1, '2024-11-21', 'Thursday');
INSERT INTO `shift_request` VALUES (34, 1, 42, 'morning', 8, 3, 1, '2024-11-21', 'Thursday');
INSERT INTO `shift_request` VALUES (35, 2, 43, 'morning', 8, 5, 10, '2024-11-21', 'Thursday');
INSERT INTO `shift_request` VALUES (36, 3, 51, 'morning', 8, 4, 10, '2024-11-21', 'Thursday');
INSERT INTO `shift_request` VALUES (37, 1, 53, 'night', 8, 4, 6, '2024-11-22', 'Friday');
INSERT INTO `shift_request` VALUES (38, 2, 43, 'night', 8, 4, 2, '2024-11-22', 'Friday');
INSERT INTO `shift_request` VALUES (39, 3, 51, 'night', 8, 2, 6, '2024-11-22', 'Friday');
INSERT INTO `shift_request` VALUES (40, 1, 42, 'afternoon', 8, 3, 4, '2024-11-22', 'Friday');
INSERT INTO `shift_request` VALUES (41, 2, 46, 'afternoon', 8, 5, 5, '2024-11-22', 'Friday');
INSERT INTO `shift_request` VALUES (42, 3, 51, 'afternoon', 8, 4, 8, '2024-11-22', 'Friday');
INSERT INTO `shift_request` VALUES (43, 1, 53, 'morning', 8, 4, 5, '2024-11-22', 'Friday');
INSERT INTO `shift_request` VALUES (44, 2, 43, 'morning', 8, 4, 2, '2024-11-22', 'Friday');
INSERT INTO `shift_request` VALUES (45, 3, 51, 'morning', 8, 4, 2, '2024-11-22', 'Friday');
INSERT INTO `shift_request` VALUES (46, 1, 53, 'night', 8, 2, 2, '2024-11-23', 'Saturday');
INSERT INTO `shift_request` VALUES (47, 2, 43, 'night', 8, 5, 7, '2024-11-23', 'Saturday');
INSERT INTO `shift_request` VALUES (48, 3, 47, 'night', 8, 4, 7, '2024-11-23', 'Saturday');
INSERT INTO `shift_request` VALUES (49, 1, 45, 'afternoon', 8, 2, 6, '2024-11-23', 'Saturday');
INSERT INTO `shift_request` VALUES (50, 2, 46, 'afternoon', 8, 4, 4, '2024-11-23', 'Saturday');
INSERT INTO `shift_request` VALUES (51, 3, 51, 'afternoon', 8, 4, 6, '2024-11-23', 'Saturday');
INSERT INTO `shift_request` VALUES (52, 1, 42, 'morning', 8, 3, 4, '2024-11-23', 'Saturday');
INSERT INTO `shift_request` VALUES (53, 2, 43, 'morning', 8, 5, 8, '2024-11-23', 'Saturday');
INSERT INTO `shift_request` VALUES (54, 3, 44, 'morning', 8, 3, 6, '2024-11-23', 'Saturday');
INSERT INTO `shift_request` VALUES (55, 1, 45, 'night', 8, 4, 6, '2024-11-24', 'Sunday');
INSERT INTO `shift_request` VALUES (56, 2, 46, 'night', 8, 5, 9, '2024-11-24', 'Sunday');
INSERT INTO `shift_request` VALUES (57, 3, 51, 'night', 8, 4, 9, '2024-11-24', 'Sunday');
INSERT INTO `shift_request` VALUES (58, 1, 45, 'afternoon', 8, 4, 6, '2024-11-24', 'Sunday');
INSERT INTO `shift_request` VALUES (59, 2, 43, 'afternoon', 8, 3, 10, '2024-11-24', 'Sunday');
INSERT INTO `shift_request` VALUES (60, 3, 51, 'afternoon', 8, 2, 7, '2024-11-24', 'Sunday');
INSERT INTO `shift_request` VALUES (61, 1, 42, 'morning', 8, 3, 8, '2024-11-24', 'Sunday');
INSERT INTO `shift_request` VALUES (62, 2, 46, 'morning', 8, 3, 10, '2024-11-24', 'Sunday');
INSERT INTO `shift_request` VALUES (63, 3, 47, 'morning', 8, 4, 9, '2024-11-24', 'Sunday');
INSERT INTO `shift_request` VALUES (72, 1, 45, 'morning', 8, 6, 2, '2024-12-16', 'Monday');
INSERT INTO `shift_request` VALUES (73, 1, 45, 'afternoon', 8, 5, 4, '2024-12-16', 'Monday');
INSERT INTO `shift_request` VALUES (74, 1, 53, 'night', 8, 2, 1, '2024-12-16', 'Monday');
INSERT INTO `shift_request` VALUES (75, 2, 46, 'morning', 8, 3, 3, '2024-12-16', 'Monday');
INSERT INTO `shift_request` VALUES (76, 2, 46, 'afternoon', 8, 6, 9, '2024-12-16', 'Monday');
INSERT INTO `shift_request` VALUES (77, 2, 43, 'night', 8, 8, 5, '2024-12-16', 'Monday');
INSERT INTO `shift_request` VALUES (78, 3, 47, 'morning', 8, 8, 3, '2024-12-16', 'Monday');
INSERT INTO `shift_request` VALUES (79, 3, 47, 'afternoon', 8, 8, 2, '2024-12-16', 'Monday');
INSERT INTO `shift_request` VALUES (80, 3, 51, 'night', 8, 10, 3, '2024-12-16', 'Monday');
INSERT INTO `shift_request` VALUES (81, 1, 53, 'morning', 8, 5, 3, '2024-12-17', 'Tuesday');
INSERT INTO `shift_request` VALUES (82, 1, 42, 'afternoon', 8, 3, 4, '2024-12-17', 'Tuesday');
INSERT INTO `shift_request` VALUES (83, 1, 45, 'night', 8, 5, 10, '2024-12-17', 'Tuesday');
INSERT INTO `shift_request` VALUES (84, 2, 43, 'morning', 8, 5, 3, '2024-12-17', 'Tuesday');
INSERT INTO `shift_request` VALUES (85, 2, 43, 'afternoon', 8, 5, 2, '2024-12-17', 'Tuesday');
INSERT INTO `shift_request` VALUES (86, 2, 43, 'night', 8, 2, 9, '2024-12-17', 'Tuesday');
INSERT INTO `shift_request` VALUES (87, 3, 51, 'morning', 8, 6, 3, '2024-12-17', 'Tuesday');
INSERT INTO `shift_request` VALUES (88, 3, 47, 'afternoon', 8, 2, 1, '2024-12-17', 'Tuesday');
INSERT INTO `shift_request` VALUES (89, 3, 44, 'night', 8, 2, 7, '2024-12-17', 'Tuesday');
INSERT INTO `shift_request` VALUES (90, 1, 45, 'morning', 8, 8, 1, '2024-12-18', 'Wednesday');
INSERT INTO `shift_request` VALUES (91, 1, 42, 'afternoon', 8, 7, 3, '2024-12-18', 'Wednesday');
INSERT INTO `shift_request` VALUES (92, 1, 53, 'night', 8, 6, 6, '2024-12-18', 'Wednesday');
INSERT INTO `shift_request` VALUES (93, 2, 43, 'morning', 8, 8, 6, '2024-12-18', 'Wednesday');
INSERT INTO `shift_request` VALUES (94, 2, 46, 'afternoon', 8, 2, 2, '2024-12-18', 'Wednesday');
INSERT INTO `shift_request` VALUES (95, 2, 43, 'night', 8, 2, 1, '2024-12-18', 'Wednesday');
INSERT INTO `shift_request` VALUES (96, 3, 44, 'morning', 8, 5, 1, '2024-12-18', 'Wednesday');
INSERT INTO `shift_request` VALUES (97, 3, 44, 'afternoon', 8, 4, 10, '2024-12-18', 'Wednesday');
INSERT INTO `shift_request` VALUES (98, 3, 44, 'night', 8, 2, 9, '2024-12-18', 'Wednesday');
INSERT INTO `shift_request` VALUES (99, 1, 45, 'morning', 8, 2, 5, '2024-12-19', 'Thursday');
INSERT INTO `shift_request` VALUES (100, 1, 42, 'afternoon', 8, 4, 2, '2024-12-19', 'Thursday');
INSERT INTO `shift_request` VALUES (101, 1, 45, 'night', 8, 10, 10, '2024-12-19', 'Thursday');
INSERT INTO `shift_request` VALUES (102, 2, 46, 'morning', 8, 6, 5, '2024-12-19', 'Thursday');
INSERT INTO `shift_request` VALUES (103, 2, 43, 'afternoon', 8, 3, 6, '2024-12-19', 'Thursday');
INSERT INTO `shift_request` VALUES (104, 2, 43, 'night', 8, 7, 7, '2024-12-19', 'Thursday');
INSERT INTO `shift_request` VALUES (105, 3, 44, 'morning', 8, 8, 8, '2024-12-19', 'Thursday');
INSERT INTO `shift_request` VALUES (106, 3, 51, 'afternoon', 8, 3, 5, '2024-12-19', 'Thursday');
INSERT INTO `shift_request` VALUES (107, 3, 47, 'night', 8, 3, 3, '2024-12-19', 'Thursday');
INSERT INTO `shift_request` VALUES (108, 1, 53, 'morning', 8, 5, 10, '2024-12-20', 'Friday');
INSERT INTO `shift_request` VALUES (109, 1, 45, 'afternoon', 8, 10, 4, '2024-12-20', 'Friday');
INSERT INTO `shift_request` VALUES (110, 1, 42, 'night', 8, 6, 3, '2024-12-20', 'Friday');
INSERT INTO `shift_request` VALUES (111, 2, 46, 'morning', 8, 8, 8, '2024-12-20', 'Friday');
INSERT INTO `shift_request` VALUES (112, 2, 43, 'afternoon', 8, 4, 5, '2024-12-20', 'Friday');
INSERT INTO `shift_request` VALUES (113, 2, 46, 'night', 8, 5, 2, '2024-12-20', 'Friday');
INSERT INTO `shift_request` VALUES (114, 3, 44, 'morning', 8, 8, 3, '2024-12-20', 'Friday');
INSERT INTO `shift_request` VALUES (115, 3, 47, 'afternoon', 8, 8, 4, '2024-12-20', 'Friday');
INSERT INTO `shift_request` VALUES (116, 3, 51, 'night', 8, 5, 3, '2024-12-20', 'Friday');
INSERT INTO `shift_request` VALUES (117, 1, 42, 'morning', 8, 5, 9, '2024-12-21', 'Saturday');
INSERT INTO `shift_request` VALUES (118, 1, 42, 'afternoon', 8, 7, 1, '2024-12-21', 'Saturday');
INSERT INTO `shift_request` VALUES (119, 1, 42, 'night', 8, 3, 2, '2024-12-21', 'Saturday');
INSERT INTO `shift_request` VALUES (120, 2, 46, 'morning', 8, 10, 7, '2024-12-21', 'Saturday');
INSERT INTO `shift_request` VALUES (121, 2, 43, 'afternoon', 8, 5, 3, '2024-12-21', 'Saturday');
INSERT INTO `shift_request` VALUES (122, 2, 43, 'night', 8, 10, 9, '2024-12-21', 'Saturday');
INSERT INTO `shift_request` VALUES (123, 3, 47, 'morning', 8, 8, 2, '2024-12-21', 'Saturday');
INSERT INTO `shift_request` VALUES (124, 3, 47, 'afternoon', 8, 4, 4, '2024-12-21', 'Saturday');
INSERT INTO `shift_request` VALUES (125, 3, 47, 'night', 8, 8, 4, '2024-12-21', 'Saturday');
INSERT INTO `shift_request` VALUES (126, 1, 53, 'morning', 8, 2, 3, '2024-12-22', 'Sunday');
INSERT INTO `shift_request` VALUES (127, 1, 45, 'afternoon', 8, 2, 2, '2024-12-22', 'Sunday');
INSERT INTO `shift_request` VALUES (128, 1, 42, 'night', 8, 5, 4, '2024-12-22', 'Sunday');
INSERT INTO `shift_request` VALUES (129, 2, 43, 'morning', 8, 9, 6, '2024-12-22', 'Sunday');
INSERT INTO `shift_request` VALUES (130, 2, 43, 'afternoon', 8, 4, 7, '2024-12-22', 'Sunday');
INSERT INTO `shift_request` VALUES (131, 2, 43, 'night', 8, 9, 9, '2024-12-22', 'Sunday');
INSERT INTO `shift_request` VALUES (132, 3, 47, 'morning', 8, 3, 1, '2024-12-22', 'Sunday');
INSERT INTO `shift_request` VALUES (133, 3, 44, 'afternoon', 8, 4, 9, '2024-12-22', 'Sunday');
INSERT INTO `shift_request` VALUES (134, 3, 44, 'night', 8, 9, 4, '2024-12-22', 'Sunday');
INSERT INTO `shift_request` VALUES (135, 1, 53, 'morning', 8, 3, 1, '2024-12-09', 'Monday');
INSERT INTO `shift_request` VALUES (136, 1, 42, 'afternoon', 8, 8, 6, '2024-12-09', 'Monday');
INSERT INTO `shift_request` VALUES (137, 1, 45, 'night', 8, 5, 9, '2024-12-09', 'Monday');
INSERT INTO `shift_request` VALUES (138, 2, 43, 'morning', 8, 3, 3, '2024-12-09', 'Monday');
INSERT INTO `shift_request` VALUES (139, 2, 43, 'afternoon', 8, 6, 6, '2024-12-09', 'Monday');
INSERT INTO `shift_request` VALUES (140, 2, 43, 'night', 8, 5, 7, '2024-12-09', 'Monday');
INSERT INTO `shift_request` VALUES (141, 3, 44, 'morning', 8, 7, 6, '2024-12-09', 'Monday');
INSERT INTO `shift_request` VALUES (142, 3, 51, 'afternoon', 8, 9, 1, '2024-12-09', 'Monday');
INSERT INTO `shift_request` VALUES (143, 3, 44, 'night', 8, 5, 6, '2024-12-09', 'Monday');
INSERT INTO `shift_request` VALUES (144, 1, 53, 'morning', 8, 2, 5, '2024-12-10', 'Tuesday');
INSERT INTO `shift_request` VALUES (145, 1, 42, 'afternoon', 8, 8, 9, '2024-12-10', 'Tuesday');
INSERT INTO `shift_request` VALUES (146, 1, 42, 'night', 8, 5, 5, '2024-12-10', 'Tuesday');
INSERT INTO `shift_request` VALUES (147, 2, 46, 'morning', 8, 9, 9, '2024-12-10', 'Tuesday');
INSERT INTO `shift_request` VALUES (148, 2, 43, 'afternoon', 8, 4, 1, '2024-12-10', 'Tuesday');
INSERT INTO `shift_request` VALUES (149, 2, 43, 'night', 8, 3, 4, '2024-12-10', 'Tuesday');
INSERT INTO `shift_request` VALUES (150, 3, 44, 'morning', 8, 9, 7, '2024-12-10', 'Tuesday');
INSERT INTO `shift_request` VALUES (151, 3, 47, 'afternoon', 8, 3, 5, '2024-12-10', 'Tuesday');
INSERT INTO `shift_request` VALUES (152, 3, 51, 'night', 8, 8, 6, '2024-12-10', 'Tuesday');
INSERT INTO `shift_request` VALUES (153, 1, 42, 'morning', 8, 6, 3, '2024-12-11', 'Wednesday');
INSERT INTO `shift_request` VALUES (154, 1, 53, 'afternoon', 8, 8, 1, '2024-12-11', 'Wednesday');
INSERT INTO `shift_request` VALUES (155, 1, 45, 'night', 8, 2, 2, '2024-12-11', 'Wednesday');
INSERT INTO `shift_request` VALUES (156, 2, 43, 'morning', 8, 4, 4, '2024-12-11', 'Wednesday');
INSERT INTO `shift_request` VALUES (157, 2, 46, 'afternoon', 8, 7, 5, '2024-12-11', 'Wednesday');
INSERT INTO `shift_request` VALUES (158, 2, 43, 'night', 8, 8, 5, '2024-12-11', 'Wednesday');
INSERT INTO `shift_request` VALUES (159, 3, 51, 'morning', 8, 6, 1, '2024-12-11', 'Wednesday');
INSERT INTO `shift_request` VALUES (160, 3, 44, 'afternoon', 8, 7, 3, '2024-12-11', 'Wednesday');
INSERT INTO `shift_request` VALUES (161, 3, 51, 'night', 8, 6, 8, '2024-12-11', 'Wednesday');
INSERT INTO `shift_request` VALUES (162, 1, 45, 'morning', 8, 3, 6, '2024-12-12', 'Thursday');
INSERT INTO `shift_request` VALUES (163, 1, 45, 'afternoon', 8, 9, 7, '2024-12-12', 'Thursday');
INSERT INTO `shift_request` VALUES (164, 1, 53, 'night', 8, 7, 2, '2024-12-12', 'Thursday');
INSERT INTO `shift_request` VALUES (165, 2, 43, 'morning', 8, 4, 5, '2024-12-12', 'Thursday');
INSERT INTO `shift_request` VALUES (166, 2, 46, 'afternoon', 8, 2, 2, '2024-12-12', 'Thursday');
INSERT INTO `shift_request` VALUES (167, 2, 43, 'night', 8, 2, 1, '2024-12-12', 'Thursday');
INSERT INTO `shift_request` VALUES (168, 3, 47, 'morning', 8, 4, 8, '2024-12-12', 'Thursday');
INSERT INTO `shift_request` VALUES (169, 3, 44, 'afternoon', 8, 3, 2, '2024-12-12', 'Thursday');
INSERT INTO `shift_request` VALUES (170, 3, 51, 'night', 8, 6, 8, '2024-12-12', 'Thursday');
INSERT INTO `shift_request` VALUES (171, 1, 42, 'morning', 8, 3, 2, '2024-12-13', 'Friday');
INSERT INTO `shift_request` VALUES (172, 1, 42, 'afternoon', 8, 7, 1, '2024-12-13', 'Friday');
INSERT INTO `shift_request` VALUES (173, 1, 42, 'night', 8, 5, 3, '2024-12-13', 'Friday');
INSERT INTO `shift_request` VALUES (174, 2, 43, 'morning', 8, 9, 2, '2024-12-13', 'Friday');
INSERT INTO `shift_request` VALUES (175, 2, 46, 'afternoon', 8, 9, 3, '2024-12-13', 'Friday');
INSERT INTO `shift_request` VALUES (176, 2, 46, 'night', 8, 4, 7, '2024-12-13', 'Friday');
INSERT INTO `shift_request` VALUES (177, 3, 44, 'morning', 8, 8, 6, '2024-12-13', 'Friday');
INSERT INTO `shift_request` VALUES (178, 3, 44, 'afternoon', 8, 5, 3, '2024-12-13', 'Friday');
INSERT INTO `shift_request` VALUES (179, 3, 44, 'night', 8, 3, 4, '2024-12-13', 'Friday');
INSERT INTO `shift_request` VALUES (180, 1, 42, 'morning', 8, 5, 2, '2024-12-14', 'Saturday');
INSERT INTO `shift_request` VALUES (181, 1, 53, 'afternoon', 8, 5, 4, '2024-12-14', 'Saturday');
INSERT INTO `shift_request` VALUES (182, 1, 53, 'night', 8, 6, 4, '2024-12-14', 'Saturday');
INSERT INTO `shift_request` VALUES (183, 2, 43, 'morning', 8, 8, 6, '2024-12-14', 'Saturday');
INSERT INTO `shift_request` VALUES (184, 2, 46, 'afternoon', 8, 8, 3, '2024-12-14', 'Saturday');
INSERT INTO `shift_request` VALUES (185, 2, 43, 'night', 8, 8, 4, '2024-12-14', 'Saturday');
INSERT INTO `shift_request` VALUES (186, 3, 47, 'morning', 8, 5, 8, '2024-12-14', 'Saturday');
INSERT INTO `shift_request` VALUES (187, 3, 51, 'afternoon', 8, 2, 8, '2024-12-14', 'Saturday');
INSERT INTO `shift_request` VALUES (188, 3, 44, 'night', 8, 4, 1, '2024-12-14', 'Saturday');
INSERT INTO `shift_request` VALUES (189, 1, 45, 'morning', 8, 9, 2, '2024-12-15', 'Sunday');
INSERT INTO `shift_request` VALUES (190, 1, 53, 'afternoon', 8, 9, 7, '2024-12-15', 'Sunday');
INSERT INTO `shift_request` VALUES (191, 1, 53, 'night', 8, 4, 4, '2024-12-15', 'Sunday');
INSERT INTO `shift_request` VALUES (192, 2, 43, 'morning', 8, 5, 1, '2024-12-15', 'Sunday');
INSERT INTO `shift_request` VALUES (193, 2, 43, 'afternoon', 8, 6, 3, '2024-12-15', 'Sunday');
INSERT INTO `shift_request` VALUES (194, 2, 46, 'night', 8, 9, 6, '2024-12-15', 'Sunday');
INSERT INTO `shift_request` VALUES (195, 3, 51, 'morning', 8, 8, 5, '2024-12-15', 'Sunday');
INSERT INTO `shift_request` VALUES (196, 3, 51, 'afternoon', 8, 7, 6, '2024-12-15', 'Sunday');
INSERT INTO `shift_request` VALUES (197, 3, 51, 'night', 8, 5, 4, '2024-12-15', 'Sunday');
INSERT INTO `shift_request` VALUES (198, 1, 42, 'morning', 8, 4, 3, '2024-12-23', 'Monday');
INSERT INTO `shift_request` VALUES (199, 1, 53, 'afternoon', 8, 9, 6, '2024-12-23', 'Monday');
INSERT INTO `shift_request` VALUES (200, 1, 45, 'night', 8, 4, 8, '2024-12-23', 'Monday');
INSERT INTO `shift_request` VALUES (201, 2, 43, 'morning', 8, 7, 8, '2024-12-23', 'Monday');
INSERT INTO `shift_request` VALUES (202, 2, 43, 'afternoon', 8, 2, 5, '2024-12-23', 'Monday');
INSERT INTO `shift_request` VALUES (203, 2, 46, 'night', 8, 2, 1, '2024-12-23', 'Monday');
INSERT INTO `shift_request` VALUES (204, 3, 47, 'morning', 8, 7, 8, '2024-12-23', 'Monday');
INSERT INTO `shift_request` VALUES (205, 3, 44, 'afternoon', 8, 4, 4, '2024-12-23', 'Monday');
INSERT INTO `shift_request` VALUES (206, 3, 47, 'night', 8, 3, 8, '2024-12-23', 'Monday');
INSERT INTO `shift_request` VALUES (207, 1, 42, 'morning', 8, 3, 4, '2024-12-24', 'Tuesday');
INSERT INTO `shift_request` VALUES (208, 1, 42, 'afternoon', 8, 6, 9, '2024-12-24', 'Tuesday');
INSERT INTO `shift_request` VALUES (209, 1, 45, 'night', 8, 5, 9, '2024-12-24', 'Tuesday');
INSERT INTO `shift_request` VALUES (210, 2, 43, 'morning', 8, 7, 5, '2024-12-24', 'Tuesday');
INSERT INTO `shift_request` VALUES (211, 2, 46, 'afternoon', 8, 8, 4, '2024-12-24', 'Tuesday');
INSERT INTO `shift_request` VALUES (212, 2, 46, 'night', 8, 6, 9, '2024-12-24', 'Tuesday');
INSERT INTO `shift_request` VALUES (213, 3, 47, 'morning', 8, 2, 2, '2024-12-24', 'Tuesday');
INSERT INTO `shift_request` VALUES (214, 3, 44, 'afternoon', 8, 5, 5, '2024-12-24', 'Tuesday');
INSERT INTO `shift_request` VALUES (215, 3, 44, 'night', 8, 7, 2, '2024-12-24', 'Tuesday');
INSERT INTO `shift_request` VALUES (216, 1, 45, 'morning', 8, 3, 7, '2024-12-25', 'Wednesday');
INSERT INTO `shift_request` VALUES (217, 1, 53, 'afternoon', 8, 3, 8, '2024-12-25', 'Wednesday');
INSERT INTO `shift_request` VALUES (218, 1, 53, 'night', 8, 4, 5, '2024-12-25', 'Wednesday');
INSERT INTO `shift_request` VALUES (219, 2, 43, 'morning', 8, 3, 9, '2024-12-25', 'Wednesday');
INSERT INTO `shift_request` VALUES (220, 2, 43, 'afternoon', 8, 2, 4, '2024-12-25', 'Wednesday');
INSERT INTO `shift_request` VALUES (221, 2, 46, 'night', 8, 9, 6, '2024-12-25', 'Wednesday');
INSERT INTO `shift_request` VALUES (222, 3, 51, 'morning', 8, 9, 1, '2024-12-25', 'Wednesday');
INSERT INTO `shift_request` VALUES (223, 3, 47, 'afternoon', 8, 9, 2, '2024-12-25', 'Wednesday');
INSERT INTO `shift_request` VALUES (224, 3, 51, 'night', 8, 5, 1, '2024-12-25', 'Wednesday');
INSERT INTO `shift_request` VALUES (225, 1, 53, 'morning', 8, 9, 8, '2024-12-26', 'Thursday');
INSERT INTO `shift_request` VALUES (226, 1, 45, 'afternoon', 8, 5, 6, '2024-12-26', 'Thursday');
INSERT INTO `shift_request` VALUES (227, 1, 45, 'night', 8, 9, 2, '2024-12-26', 'Thursday');
INSERT INTO `shift_request` VALUES (228, 2, 43, 'morning', 8, 3, 9, '2024-12-26', 'Thursday');
INSERT INTO `shift_request` VALUES (229, 2, 43, 'afternoon', 8, 5, 5, '2024-12-26', 'Thursday');
INSERT INTO `shift_request` VALUES (230, 2, 46, 'night', 8, 7, 3, '2024-12-26', 'Thursday');
INSERT INTO `shift_request` VALUES (231, 3, 44, 'morning', 8, 7, 2, '2024-12-26', 'Thursday');
INSERT INTO `shift_request` VALUES (232, 3, 44, 'afternoon', 8, 3, 3, '2024-12-26', 'Thursday');
INSERT INTO `shift_request` VALUES (233, 3, 44, 'night', 8, 7, 6, '2024-12-26', 'Thursday');
INSERT INTO `shift_request` VALUES (234, 1, 45, 'morning', 8, 9, 8, '2024-12-27', 'Friday');
INSERT INTO `shift_request` VALUES (235, 1, 45, 'afternoon', 8, 9, 7, '2024-12-27', 'Friday');
INSERT INTO `shift_request` VALUES (236, 1, 45, 'night', 8, 3, 4, '2024-12-27', 'Friday');
INSERT INTO `shift_request` VALUES (237, 2, 46, 'morning', 8, 9, 8, '2024-12-27', 'Friday');
INSERT INTO `shift_request` VALUES (238, 2, 43, 'afternoon', 8, 4, 3, '2024-12-27', 'Friday');
INSERT INTO `shift_request` VALUES (239, 2, 43, 'night', 8, 3, 2, '2024-12-27', 'Friday');
INSERT INTO `shift_request` VALUES (240, 3, 47, 'morning', 8, 5, 8, '2024-12-27', 'Friday');
INSERT INTO `shift_request` VALUES (241, 3, 51, 'afternoon', 8, 7, 5, '2024-12-27', 'Friday');
INSERT INTO `shift_request` VALUES (242, 3, 51, 'night', 8, 5, 9, '2024-12-27', 'Friday');
INSERT INTO `shift_request` VALUES (243, 1, 53, 'morning', 8, 9, 2, '2024-12-28', 'Saturday');
INSERT INTO `shift_request` VALUES (244, 1, 42, 'afternoon', 8, 4, 9, '2024-12-28', 'Saturday');
INSERT INTO `shift_request` VALUES (245, 1, 42, 'night', 8, 9, 7, '2024-12-28', 'Saturday');
INSERT INTO `shift_request` VALUES (246, 2, 46, 'morning', 8, 3, 5, '2024-12-28', 'Saturday');
INSERT INTO `shift_request` VALUES (247, 2, 43, 'afternoon', 8, 2, 6, '2024-12-28', 'Saturday');
INSERT INTO `shift_request` VALUES (248, 2, 43, 'night', 8, 9, 2, '2024-12-28', 'Saturday');
INSERT INTO `shift_request` VALUES (249, 3, 51, 'morning', 8, 5, 9, '2024-12-28', 'Saturday');
INSERT INTO `shift_request` VALUES (250, 3, 44, 'afternoon', 8, 3, 3, '2024-12-28', 'Saturday');
INSERT INTO `shift_request` VALUES (251, 3, 51, 'night', 8, 4, 3, '2024-12-28', 'Saturday');
INSERT INTO `shift_request` VALUES (252, 1, 53, 'morning', 8, 2, 4, '2024-12-29', 'Sunday');
INSERT INTO `shift_request` VALUES (253, 1, 53, 'afternoon', 8, 8, 7, '2024-12-29', 'Sunday');
INSERT INTO `shift_request` VALUES (254, 1, 45, 'night', 8, 3, 7, '2024-12-29', 'Sunday');
INSERT INTO `shift_request` VALUES (255, 2, 46, 'morning', 8, 7, 1, '2024-12-29', 'Sunday');
INSERT INTO `shift_request` VALUES (256, 2, 46, 'afternoon', 8, 7, 4, '2024-12-29', 'Sunday');
INSERT INTO `shift_request` VALUES (257, 2, 43, 'night', 8, 5, 6, '2024-12-29', 'Sunday');
INSERT INTO `shift_request` VALUES (258, 3, 47, 'morning', 8, 4, 7, '2024-12-29', 'Sunday');
INSERT INTO `shift_request` VALUES (259, 3, 47, 'afternoon', 8, 9, 7, '2024-12-29', 'Sunday');
INSERT INTO `shift_request` VALUES (260, 3, 51, 'night', 8, 8, 8, '2024-12-29', 'Sunday');
INSERT INTO `shift_request` VALUES (261, 3, 44, 'night', 8, 5, 9, '2024-12-30', 'Monday');
INSERT INTO `shift_request` VALUES (262, 3, 44, 'afternoon', 8, 3, 8, '2024-12-31', 'Tuesday');
INSERT INTO `shift_request` VALUES (263, 3, 44, 'morning', 8, 6, 1, '2024-12-31', 'Tuesday');

-- ----------------------------
-- Table structure for user
-- ----------------------------
DROP TABLE IF EXISTS `user`;
CREATE TABLE `user`  (
  `u_id` int NOT NULL AUTO_INCREMENT,
  `first_name` varchar(50) CHARACTER SET utf8mb4 COLLATE utf8mb4_0900_ai_ci NOT NULL,
  `last_name` varchar(50) CHARACTER SET utf8mb4 COLLATE utf8mb4_0900_ai_ci NOT NULL,
  `email` varchar(100) CHARACTER SET utf8mb4 COLLATE utf8mb4_0900_ai_ci NOT NULL,
  `password` varchar(255) CHARACTER SET utf8mb4 COLLATE utf8mb4_0900_ai_ci NOT NULL,
  `address` varchar(255) CHARACTER SET utf8mb4 COLLATE utf8mb4_0900_ai_ci NULL DEFAULT NULL,
  `phone_number` varchar(23) CHARACTER SET utf8mb4 COLLATE utf8mb4_0900_ai_ci NULL DEFAULT NULL,
  `birthday` date NULL DEFAULT NULL,
  `role` enum('nurse','supervisor','admin') CHARACTER SET utf8mb4 COLLATE utf8mb4_0900_ai_ci NOT NULL,
  `seniority` int NULL DEFAULT NULL COMMENT 'Every nurse must have a \'seniority\' in type int, ranging from 1 to 10.\r\nOther roles must have \'seniority\' as NULL',
  `hospital_id` int NULL DEFAULT NULL COMMENT 'Every supervisor must have a \'hospitalId\' in type int, ranging from 1 to 10.\r\nOther roles must have \'hospitalId\' as NULL',
  `refresh_token` json NULL,
  `created_at` timestamp NULL DEFAULT CURRENT_TIMESTAMP,
  `updated_at` timestamp NULL DEFAULT CURRENT_TIMESTAMP ON UPDATE CURRENT_TIMESTAMP,
  PRIMARY KEY (`u_id`) USING BTREE,
  UNIQUE INDEX `email`(`email` ASC) USING BTREE,
  INDEX `hospital_id`(`hospital_id` ASC) USING BTREE,
  CONSTRAINT `user_ibfk_1` FOREIGN KEY (`hospital_id`) REFERENCES `hospital` (`h_id`) ON DELETE RESTRICT ON UPDATE RESTRICT,
  CONSTRAINT `hospital_check` CHECK (((`role` = _utf8mb4'supervisor') and (`hospital_id` is not null)) or ((`role` <> _utf8mb4'supervisor') and (`hospital_id` is null))),
  CONSTRAINT `seniority_check` CHECK (((`role` = _utf8mb4'nurse') and (`seniority` is not null) and (`seniority` between 1 and 10)) or ((`role` <> _utf8mb4'nurse') and (`seniority` is null)))
) ENGINE = InnoDB AUTO_INCREMENT = 192 CHARACTER SET = utf8mb4 COLLATE = utf8mb4_0900_ai_ci ROW_FORMAT = DYNAMIC;

-- ----------------------------
-- Records of user
-- ----------------------------
INSERT INTO `user` VALUES (2, 'nurse1nurse1', 'nurse1', 'nurse1@mail.com', '$2b$12$YS6YuOwLKpEIsI8ZRRSgGugJPAQPodE.ueCjZpJJaCg0k8iWocrtS', NULL, NULL, NULL, 'nurse', 1, NULL, '[\"eyJhbGciOiJIUzI1NiIsInR5cCI6IkpXVCJ9.eyJlbWFpbCI6Im51cnNlMUBtYWlsLmNvbSIsImV4cCI6MTczMDU5OTkxOH0.ket9v4Oe91L_yU4BLUZYtwBS1s7SXoSuPIHf2qEFys4\"]', '2024-11-02 19:11:53', '2024-11-02 21:35:49');
INSERT INTO `user` VALUES (9, 'nurse06_firstname_xxx', 'nurse06_lastname_x', 'nurse00@mail.com', '$2b$12$iuIhzgyUQg4qXTQGFegtQ.FTcfht3EPvKQTEYGrFrWrBwP4eTZq52', NULL, NULL, NULL, 'nurse', 1, NULL, '[\"eyJhbGciOiJIUzI1NiIsInR5cCI6IkpXVCJ9.eyJlbWFpbCI6Im51cnNlMDBAbWFpbC5jb20iLCJleHAiOjE3MzA2MDExMTR9.LS7toe1OFOuiOsKF_3G-tdTAioGb2R7MLj1g6a1WYFI\"]', '2024-11-02 19:31:51', '2024-11-29 16:20:20');
INSERT INTO `user` VALUES (10, 'nurse01_firstname', 'nurse01_lastname', 'nurse01@mail.com', '$2b$12$qUob2AdDX5BXi3ZLf.tJC.PpiQPcORf8PwfXKMwqkDA8p/hlG0/TG', '123 Maple St', '555-0101', '1985-01-01', 'nurse', 5, NULL, '[\"eyJhbGciOiJIUzI1NiIsInR5cCI6IkpXVCJ9.eyJlbWFpbCI6Im51cnNlMDFAbWFpbC5jb20iLCJleHAiOjE3MzA2MDIwMzF9.G3E30BROnqB_mVeJatC7__ddXm-n75u88SH3ZTB0LO8\", \"eyJhbGciOiJIUzI1NiIsInR5cCI6IkpXVCJ9.eyJlbWFpbCI6Im51cnNlMDFAbWFpbC5jb20iLCJleHAiOjE3MzA3Njc3Nzl9.vrJiO2gqQXMCUmu0VOjxvTUeRcjCAWP8xF8KGdFduwg\", \"eyJhbGciOiJIUzI1NiIsInR5cCI6IkpXVCJ9.eyJlbWFpbCI6Im51cnNlMDFAbWFpbC5jb20iLCJleHAiOjE3MzE2MjM2Mjh9.DXwvTy7S_VOZKgZI985B65TDKPQ-DtG27okongmvIMc\"]', '2024-11-02 19:46:35', '2024-11-14 14:33:48');
INSERT INTO `user` VALUES (11, 'nurse02_firstname', 'nurse02_lastname', 'nurse02@mail.com', '$2b$12$h9guUFsjHIcSTN7meCrAceact3NJCeELLI7Fax5W3jeAThfNILy/a', NULL, '555-0202', NULL, 'nurse', 2, NULL, NULL, '2024-11-02 19:49:22', '2024-11-02 21:35:51');
INSERT INTO `user` VALUES (12, 'nurse03_firstname', 'nurse03_lastname', 'nurse03@mail.com', '$2b$12$VdxfEICeZbxKBYK4i6RD4eJ7zXijbWldbUFUxmli9cNYNOU1uK.Fe', '456 Oak Ln', NULL, '1990-03-15', 'nurse', 8, NULL, '[\"eyJhbGciOiJIUzI1NiIsInR5cCI6IkpXVCJ9.eyJlbWFpbCI6Im51cnNlMDNAbWFpbC5jb20iLCJleHAiOjE3MzA2MDIxODR9.Bltfx0yC8savjHzMlGi3ahiEoBeXVGZA86LqJxF11Bk\", \"eyJhbGciOiJIUzI1NiIsInR5cCI6IkpXVCJ9.eyJlbWFpbCI6Im51cnNlMDNAbWFpbC5jb20iLCJleHAiOjE3MzMyNjI0OTh9.kI7YcQd6rW2z1X3ef_IfLX97-6SjV-7h6D7Hb1h972k\"]', '2024-11-02 19:49:22', '2024-12-03 13:48:18');
INSERT INTO `user` VALUES (13, 'nurse04_firstname', 'n04_lastname', 'nurse04@mail.com', '$2b$12$1nrMfifHwPIpfSsxvyozketNdyUGa5LLvLPdcrj/u2r3EqUfnNHle', 'a', '111', NULL, 'nurse', 6, NULL, '[\"eyJhbGciOiJIUzI1NiIsInR5cCI6IkpXVCJ9.eyJlbWFpbCI6Im51cnNlMDRAbWFpbC5jb20iLCJleHAiOjE3MzMyMDM1MDl9.mHH8bdWT1NjlURExCPsiwkUF_qoxK1waHP6zVjKNa8E\", \"eyJhbGciOiJIUzI1NiIsInR5cCI6IkpXVCJ9.eyJlbWFpbCI6Im51cnNlMDRAbWFpbC5jb20iLCJleHAiOjE3MzMyMTE4NTB9.vBcr_uQSTnsSZmfxgU94xVGvEi4wUgWwmTkFsU8Io88\"]', '2024-11-02 19:49:22', '2024-12-04 15:22:22');
INSERT INTO `user` VALUES (14, 'nurse05_firstname', 'nurse05_lastname', 'nurse05@mail.com', '$2b$12$dnU4wDqGdTCqEoWVJUWYRuOyxVOBt0NAapL97uKBznlL79iXGnGUi', '789 Pine Rd', '555-0505', '1988-07-22', 'nurse', 2, NULL, NULL, '2024-11-02 19:49:22', '2024-11-02 21:35:53');
INSERT INTO `user` VALUES (15, 'nurse30_firstname', 'nurse30_lastname', 'nurse30@mail.com', '$2b$12$xaNTA5f/IURNdlDC7Sd7qe3mXW5jrElGWoN/axWaPIVzVywS0RNP.', '321 Birch Blvd', '555-3030', '1992-12-31', 'nurse', 1, NULL, NULL, '2024-11-02 19:49:22', '2024-11-02 19:49:22');
INSERT INTO `user` VALUES (16, 'nurse07_firstname', 'nurse07_lastname', 'nurse07@mail.com', '$2b$12$LfHRkrCQ0WsGFRRan4rGdO.p/oqBoTKUrpxY9IGrd/EO16EvJlbte', '707 Seventh Ave', NULL, NULL, 'nurse', 4, NULL, NULL, '2024-11-02 19:53:30', '2024-11-02 21:35:54');
INSERT INTO `user` VALUES (17, 'nurse08_firstname', 'nurse08_lastname', 'nurse08@mail.com', '$2b$12$YBIHL4WcXGSVldtQTAio3e8qmNH1rXNz/nqRo2h15RnxjOc9c8nWq', NULL, '555-0808', '1980-08-08', 'nurse', 8, NULL, NULL, '2024-11-02 19:53:30', '2024-11-02 19:53:30');
INSERT INTO `user` VALUES (18, 'nurse06_firstname', 'nurse06_lastname', 'nurse06@mail.com', '$2b$12$W8vpHwGUj3IBDzU5emTM9efcIEyt37YPpIrCRA5JHvRZ/FaTN5Veq', NULL, '555-0606', '1979-06-06', 'nurse', 5, NULL, NULL, '2024-11-02 19:53:30', '2024-11-02 21:29:30');
INSERT INTO `user` VALUES (19, 'nurse09_firstname', 'nurse09_lastname', 'nurse09@mail.com', '$2b$12$b01GoQA4Nuz1FIdUZhcbnerHPz8IeD/JXukcwezT02zhN.1CPuISu', '909 Ninth St', NULL, NULL, 'nurse', 4, NULL, NULL, '2024-11-02 19:53:30', '2024-11-02 21:35:55');
INSERT INTO `user` VALUES (20, 'nurse10_firstname', 'nurse10_lastname', 'nurse10@mail.com', '$2b$12$pzitF0FeDOmO.cLB1yKIRu8l9/mowWlLPRyRz/gVgHG6qinQjdMCa', NULL, '555-1010', '1991-10-10', 'nurse', 10, NULL, NULL, '2024-11-02 19:53:30', '2024-11-02 19:53:30');
INSERT INTO `user` VALUES (21, 'nurse11_firstname', 'nurse11_lastname', 'nurse11@mail.com', '$2b$12$utWC3FG56inDS7kLkiPId.fRXVoMmQZ4yd2rCJGH6CfQ8GLXiRQ6e', '1111 Eleventh Ln', NULL, '1991-11-11', 'nurse', 4, NULL, NULL, '2024-11-02 19:53:30', '2024-11-02 21:35:57');
INSERT INTO `user` VALUES (22, 'nurse12_firstname', 'nurse12_lastname', 'nurse12@mail.com', '$2b$12$wRMh3Uq8PQqtUUtrF.dzUeT8LWoZ9/JwNFq.9APWhyhgmqVACNX4y', NULL, '555-1212', NULL, 'nurse', 4, NULL, NULL, '2024-11-02 19:53:30', '2024-11-02 21:35:56');
INSERT INTO `user` VALUES (23, 'nurse13_firstname', 'nurse13_lastname', 'nurse13@mail.com', '$2b$12$howWZrOZ0O6CeoyhwbIzV.VyCf1ju5AtJdYIgnX4Jx7iFVlSX/AQK', '1313 Thirteenth St', NULL, '1993-01-13', 'nurse', 3, NULL, NULL, '2024-11-02 19:53:30', '2024-11-02 19:53:30');
INSERT INTO `user` VALUES (24, 'nurse14_firstname', 'nurse14_lastname', 'nurse14@mail.com', '$2b$12$JXVcdM31OrZPuKjuJvwOcuylEXLC34HylPymQLAWMAoQD6.j2G8Pe', NULL, '555-1414', NULL, 'nurse', 3, NULL, NULL, '2024-11-02 19:53:30', '2024-11-02 21:35:58');
INSERT INTO `user` VALUES (25, 'nurse15_firstname', 'nurse15_lastname', 'nurse15@mail.com', '$2b$12$CeMRowVB.MgXHxZwTyrGeu8ywwByCeNBh.ymcB0PDm6y77Az3CX3i', '1515 Fifteenth Ave', NULL, '1995-03-15', 'nurse', 5, NULL, NULL, '2024-11-02 19:53:30', '2024-11-02 21:36:00');
INSERT INTO `user` VALUES (26, 'nurse16_firstname', 'nurse16_lastname', 'nurse16@mail.com', '$2b$12$l.fdU2vCcn453AkP4noxNu4eQabfzcrXgUMhx2xP8Yt7nkZiUTlLC', NULL, '555-1616', NULL, 'nurse', 8, NULL, NULL, '2024-11-02 19:53:30', '2024-11-02 21:36:02');
INSERT INTO `user` VALUES (27, 'nurse17_firstname', 'nurse17_lastname', 'nurse17@mail.com', '$2b$12$HjrOnpfuwknokHWnbWqcV.0.3FQ/ZXqE4H/CL7dVC1XGXPfU2xis.', '1717 Seventeenth St', NULL, '1997-04-17', 'nurse', 7, NULL, NULL, '2024-11-02 19:53:30', '2024-11-02 19:53:30');
INSERT INTO `user` VALUES (28, 'nurse18_firstname', 'nurse18_lastname', 'nurse18@mail.com', '$2b$12$cPBJrUg9xg2XbxixsOkYW.c6iquMFMWqtyxHOeo7uum/Lnrm1s5ia', NULL, '555-1818', NULL, 'nurse', 8, NULL, NULL, '2024-11-02 19:53:30', '2024-11-02 21:36:04');
INSERT INTO `user` VALUES (29, 'nurse19_firstname', 'nurse19_lastname', 'nurse19@mail.com', '$2b$12$xqp0xnbM5.8Jcglhb7aCsOBvMHAEj5L5FxerFF53lOVXcfzgs6LEK', '1919 Nineteenth Ln', NULL, '1999-05-19', 'nurse', 8, NULL, NULL, '2024-11-02 19:53:30', '2024-11-02 21:36:02');
INSERT INTO `user` VALUES (30, 'nurse20_firstname', 'nurse20_lastname', 'nurse20@mail.com', '$2b$12$Yd8v1OsY8aOEVyWLvracl.tS5FXplw4oWuuyeZ.e0mMggc01xSYFK', NULL, '555-2020', '2000-02-20', 'nurse', 2, NULL, NULL, '2024-11-02 19:53:30', '2024-11-02 19:53:30');
INSERT INTO `user` VALUES (31, 'nurse21_firstname', 'nurse21_lastname', 'nurse21@mail.com', '$2b$12$IchQngrtgCdMYBiVEDwDd.TPKsncrUXCCgeWrdrrbN3jAKsvIO5kK', '2121 Twenty-first St', NULL, NULL, 'nurse', 8, NULL, NULL, '2024-11-02 19:53:30', '2024-11-02 21:36:04');
INSERT INTO `user` VALUES (32, 'nurse22_firstname', 'nurse22_lastname', 'nurse22@mail.com', '$2b$12$AAKSE4KAIDNeP2rjTHHzZOkFLTcig7Pp0DXx58Ddwdg0hx3U4rcbK', NULL, '555-2222', '2002-02-22', 'nurse', 2, NULL, NULL, '2024-11-02 19:53:30', '2024-11-02 19:53:30');
INSERT INTO `user` VALUES (33, 'nurse23_firstname', 'nurse23_lastname', 'nurse23@mail.com', '$2b$12$p4daUxUQYqhyhzrJi1sut.l6N68mzqYilrIAJYlZ5U9s4jbd3QlAy', '2323 Twenty-third Ave', NULL, NULL, 'nurse', 8, NULL, NULL, '2024-11-02 19:53:30', '2024-11-02 21:36:05');
INSERT INTO `user` VALUES (34, 'nurse24_firstname', 'nurse24_lastname', 'nurse24@mail.com', '$2b$12$/Q1ed.jteUgOwkBA1Sv4MO74YRGpE2tkNSrtpJSSZ2CrbZvYkB43i', NULL, '555-2424', '2004-04-24', 'nurse', 4, NULL, NULL, '2024-11-02 19:53:30', '2024-11-02 19:53:30');
INSERT INTO `user` VALUES (35, 'nurse25_firstname', 'nurse25_lastname', 'nurse25@mail.com', '$2b$12$ffQvKTLHEjHYqQ4cMS6MTefHIG2q12ajgO49l3Kbi8VcJmW33a5tO', '2525 Twenty-fifth St', NULL, '2005-05-25', 'nurse', 1, NULL, '[]', '2024-11-02 19:53:30', '2024-11-25 16:48:12');
INSERT INTO `user` VALUES (36, 'nurse26_firstname', 'nurse26_lastname', 'nurse26@mail.com', '$2b$12$Q7yK0h3rz7J6gJyWzx1wq./a09e6ycbrUccUtCVaFzmkGIfX.N3um', NULL, '555-2626', NULL, 'nurse', 1, NULL, NULL, '2024-11-02 19:53:30', '2024-11-02 21:36:11');
INSERT INTO `user` VALUES (37, 'nurse27_firstname', 'nurse27_lastname', 'nurse27@mail.com', '$2b$12$qSfmjWN1GS8N/xKHCd8znetVKdd6Rss.B9eOQvo868n1Sqp3V7pdm', '2727 Twenty-seventh Ln', NULL, '2007-07-27', 'nurse', 7, NULL, NULL, '2024-11-02 19:53:30', '2024-11-02 19:53:30');
INSERT INTO `user` VALUES (38, 'nurse28_firstname', 'nurse28_lastname', 'nurse28@mail.com', '$2b$12$1loJfAyMbqeePRo.XhCLtuXsLoajRAlYh.XG1KluZoSWE5YxD3I6a', '2727 Twenty-seventh Ln', NULL, '2007-07-27', 'nurse', 7, NULL, NULL, '2024-11-02 19:53:30', '2024-11-02 19:53:30');
INSERT INTO `user` VALUES (39, 'nurse29_firstname', 'nurse29_lastname', 'nurse29@mail.com', '$2b$12$sVmxEgAss3LiZmZ6Fp43TOS7ZD7dds15OxPXxwLrR.pQ6tef78zsK', NULL, '555-2424', '2004-04-24', 'nurse', 4, NULL, NULL, '2024-11-02 19:53:30', '2024-11-02 19:53:30');
INSERT INTO `user` VALUES (40, 'admin_01', 'admin_111111111', 'admin1@mail.com', '$2b$12$PKCqR.Eu8Rk169dEMljq0.7IXzRuE8BfsDeGKDFQN9tpm/BL6XlZu', '', '33445566', NULL, 'admin', NULL, NULL, '[\"eyJhbGciOiJIUzI1NiIsInR5cCI6IkpXVCJ9.eyJlbWFpbCI6ImFkbWluMUBtYWlsLmNvbSIsImV4cCI6MTczMDYwMjU5OX0.tkKH5KcIZkpKYdBQodyRUKpKXI2ttKCl5eVYxnYMFgE\", \"eyJhbGciOiJIUzI1NiIsInR5cCI6IkpXVCJ9.eyJlbWFpbCI6ImFkbWluMUBtYWlsLmNvbSIsImV4cCI6MTczMDYwMzA2N30.wat_orS7x9XaR1JkMi7KNq7zotaxMsOAfCPGLXWvI5U\", \"eyJhbGciOiJIUzI1NiIsInR5cCI6IkpXVCJ9.eyJlbWFpbCI6ImFkbWluMUBtYWlsLmNvbSIsImV4cCI6MTczMDYwNDY4N30.vDTIo_tx6vKO_LOZQBw606RX14nBPUFPIXqKqlba2FY\", \"eyJhbGciOiJIUzI1NiIsInR5cCI6IkpXVCJ9.eyJlbWFpbCI6ImFkbWluMUBtYWlsLmNvbSIsImV4cCI6MTczMDYxMzQzNH0.-iWiKfmf5WIdTnOm191jayiJxnJAnTkZuHu8MCw7aL0\", \"eyJhbGciOiJIUzI1NiIsInR5cCI6IkpXVCJ9.eyJlbWFpbCI6ImFkbWluMUBtYWlsLmNvbSIsImV4cCI6MTczMDYyMDU3Mn0.UGCSJCmirjuju8g-e8V1oIRHSM93TQTAyGURmfTmiRA\", \"eyJhbGciOiJIUzI1NiIsInR5cCI6IkpXVCJ9.eyJlbWFpbCI6ImFkbWluMUBtYWlsLmNvbSIsImV4cCI6MTczMjg0NzM1MH0.hdbdStqfeYyh8Bp6s150pwvoCT1cuyuutBHi5stsD-k\", \"eyJhbGciOiJIUzI1NiIsInR5cCI6IkpXVCJ9.eyJlbWFpbCI6ImFkbWluMUBtYWlsLmNvbSIsImV4cCI6MTczMjg1MjAwMX0._zv1LNMrkiqBQZYwS-zM9tBX63XztQJMcfB8ievXOdk\", \"eyJhbGciOiJIUzI1NiIsInR5cCI6IkpXVCJ9.eyJlbWFpbCI6ImFkbWluMUBtYWlsLmNvbSIsImV4cCI6MTczMjg1NTk2N30.V-NP593r72-ttbnVtnYfK1CYdzmQl9ywI97DDLT2lC8\", \"eyJhbGciOiJIUzI1NiIsInR5cCI6IkpXVCJ9.eyJlbWFpbCI6ImFkbWluMUBtYWlsLmNvbSIsImV4cCI6MTczMjg2MTI0Mn0.XlAXTA3ZItD_-UqOOL03_ltCUIYnxS_qW8jH5cdcQ0U\", \"eyJhbGciOiJIUzI1NiIsInR5cCI6IkpXVCJ9.eyJlbWFpbCI6ImFkbWluMUBtYWlsLmNvbSIsImV4cCI6MTczMjkxOTEzNn0.l6E-4mYMH3atXJfvU6Q01lx_WAP6nWvlMdDkByclUb8\", \"eyJhbGciOiJIUzI1NiIsInR5cCI6IkpXVCJ9.eyJlbWFpbCI6ImFkbWluMUBtYWlsLmNvbSIsImV4cCI6MTczMjkyNzA0MX0.TscD_O8PFV54PbAwIgrmlIsz-ouxa0fj4RXFpv9pa-0\", \"eyJhbGciOiJIUzI1NiIsInR5cCI6IkpXVCJ9.eyJlbWFpbCI6ImFkbWluMUBtYWlsLmNvbSIsImV4cCI6MTczMjk0MjMxNn0.O-rLYkTGqQsNIyg2AvSz81G18ZZgv5v4hALV5PB0xyg\", \"eyJhbGciOiJIUzI1NiIsInR5cCI6IkpXVCJ9.eyJlbWFpbCI6ImFkbWluMUBtYWlsLmNvbSIsImV4cCI6MTczMzM0NTEzNX0.OaWvdA2LhzKzYDKm71TR4G-zfpyNJZLLGchtfrdGO-M\", \"eyJhbGciOiJIUzI1NiIsInR5cCI6IkpXVCJ9.eyJlbWFpbCI6ImFkbWluMUBtYWlsLmNvbSIsImV4cCI6MTczMzM1NTY4MH0.FFHzrZUDM_qFH1fJhsnJ36rHYs4B1UBWeCZAVy-YUeg\", \"eyJhbGciOiJIUzI1NiIsInR5cCI6IkpXVCJ9.eyJlbWFpbCI6ImFkbWluMUBtYWlsLmNvbSIsImV4cCI6MTczMzM1MTk5NH0.PKc_97pbVZ7v_lpNgtg2nZp6ogYktMFo01pPfl6IxYc\", \"eyJhbGciOiJIUzI1NiIsInR5cCI6IkpXVCJ9.eyJlbWFpbCI6ImFkbWluMUBtYWlsLmNvbSIsImV4cCI6MTczMzM1MjUyMn0.aCuCDBQ8oBKFSzk5Y_zMCyDr6hJrXY4PlI9--xQ0hwo\"]', '2024-11-02 19:56:38', '2024-12-04 17:46:42');
INSERT INTO `user` VALUES (41, 'zihan', 'ma', 'admin2@mail.com', '$2b$12$LOgREEDgMmmaFH9iwrfn5eRQB6OQNV0AuMxTZx4EA.MP.XUSpRcFK', NULL, NULL, NULL, 'admin', NULL, NULL, '[\"eyJhbGciOiJIUzI1NiIsInR5cCI6IkpXVCJ9.eyJlbWFpbCI6ImFkbWluMkBtYWlsLmNvbSIsImV4cCI6MTczMDYwMjYyMn0.uRjqBgLdtA3PjUTYW2knA4qD_GPUsWEgg5UbkE7KgLU\"]', '2024-11-02 19:57:01', '2024-11-02 19:57:33');
INSERT INTO `user` VALUES (42, 'supervisor01_firstname', 'supervisor01_lastname', 'supervisor01@mail.com', '$2b$12$9TraUSIWF0m2k3N0FnFV2e7qmPl8ry90QoWMuTPvSM0wDUGL/Esq.', NULL, NULL, NULL, 'supervisor', NULL, 1, '[]', '2024-11-02 20:01:43', '2024-11-02 20:04:03');
INSERT INTO `user` VALUES (43, 'supervisor02_firstname', 'supervisor02_lastname', 'supervisor02@mail.com', '$2b$12$HQtdexP4CvoaW2Ober/Q2uRXfNkh/JJNlSeGoqfEb.sJsQHAi4v2q', NULL, NULL, NULL, 'supervisor', NULL, 2, NULL, '2024-11-02 20:01:43', '2024-11-02 20:01:43');
INSERT INTO `user` VALUES (44, 'zihan', 'ma', 'supervisor-zihanma@mail.com', '$2b$12$UioqLp7mgUV.jrElrbEBu.GsdHoFFKuPr/GQGuoSPOtBkWPSWQrq.', NULL, NULL, NULL, 'supervisor', NULL, 3, '[\"eyJhbGciOiJIUzI1NiIsInR5cCI6IkpXVCJ9.eyJlbWFpbCI6InN1cGVydmlzb3IwM0BtYWlsLmNvbSIsImV4cCI6MTczMjU4MjA5OX0.MpUZBMoiDfzmu6etl1AFVF9ZJWFSvt2HeGhzPL6VC-I\", \"eyJhbGciOiJIUzI1NiIsInR5cCI6IkpXVCJ9.eyJlbWFpbCI6InN1cGVydmlzb3IwM0BtYWlsLmNvbSIsImV4cCI6MTczMjc2NTk3NX0.SoUrNzBP_UErTnG6Ka-Cs8fKeVPuUH4XNwpm0kexO_o\", \"eyJhbGciOiJIUzI1NiIsInR5cCI6IkpXVCJ9.eyJlbWFpbCI6InN1cGVydmlzb3IwM0BtYWlsLmNvbSIsImV4cCI6MTczMjc2OTg3MX0.F1_vg0C5r7kut0pjp8kbuTI8eTssNltNNMJO_zj_DbM\", \"eyJhbGciOiJIUzI1NiIsInR5cCI6IkpXVCJ9.eyJlbWFpbCI6InN1cGVydmlzb3IwM0BtYWlsLmNvbSIsImV4cCI6MTczMjc3NjU2Mn0.SH8wH8nxZeVuRna8-hTPtFNk_VJw6exalMqF-b3JmCo\", \"eyJhbGciOiJIUzI1NiIsInR5cCI6IkpXVCJ9.eyJlbWFpbCI6InN1cGVydmlzb3IwM0BtYWlsLmNvbSIsImV4cCI6MTczMzE4MzI0NX0.BfSFuHbMNNkYnuWIpaByRLX2pTXFZEQIWmgZRGvt6wE\", \"eyJhbGciOiJIUzI1NiIsInR5cCI6IkpXVCJ9.eyJlbWFpbCI6InN1cGVydmlzb3ItemloYW5tYUBtYWlsLmNvbSIsImV4cCI6MTczMzM2NDI1MX0.316X45oTSyJcdYX0KSvP4onAgG_ecSmp1CQDDxKiyjE\"]', '2024-11-02 20:01:43', '2024-12-04 18:04:11');
INSERT INTO `user` VALUES (45, 'sup04firstName...', 'su04_lastname', 'supervisor04@mail.com', '$2b$12$stnPu0Y52mtwdtDyxOvDWucmSqyPJ81/EvHUEFObb/wepYo7HqyEO', 'hahaha', '110', NULL, 'supervisor', NULL, 1, '[\"eyJhbGciOiJIUzI1NiIsInR5cCI6IkpXVCJ9.eyJlbWFpbCI6InN1cGVydmlzb3IwNEBtYWlsLmNvbSIsImV4cCI6MTczMDgzOTA3Nn0.17wTay5qaTcLjudn7CEp618y68gnY3KxT6lbQSwKIMw\", \"eyJhbGciOiJIUzI1NiIsInR5cCI6IkpXVCJ9.eyJlbWFpbCI6InN1cGVydmlzb3IwNEBtYWlsLmNvbSIsImV4cCI6MTczMDkxNzkxMn0.wC_CA0wQBd0EtPxTdcLtbzsKaADkpseunh-nc9RulY4\"]', '2024-11-02 20:01:43', '2024-11-29 20:51:51');
INSERT INTO `user` VALUES (46, 'supervisor05_firstname', 'supervisor05_lastname', 'supervisor05@mail.com', '$2b$12$Hc0X5NXd1frzJaAxvwAFZ.BuywnHQ2zieANBBHa6gFzyE3Ng1S7C.', NULL, NULL, NULL, 'supervisor', NULL, 2, NULL, '2024-11-02 20:01:43', '2024-11-02 20:01:43');
INSERT INTO `user` VALUES (47, 'sup6...', 'supervisor06_lastname', 'supervisor06@mail.com', '$2b$12$226JkupTFmVgO.4goFd8w.YwG7BNymwENN8OPTrsVDjIU1n.oaVaG', 'asdgffgdsfgdfgsdfg', '12344321', NULL, 'supervisor', NULL, 3, NULL, '2024-11-02 20:01:43', '2024-11-02 21:50:50');
INSERT INTO `user` VALUES (48, 'sdaf', 'ffff', 'demo1@mail.com', '$2b$12$MbCY88q9Q/bqArbecQxKIOV3RLv9XKwna1pFIr1iGeA.En15OJj9G', NULL, NULL, NULL, 'nurse', 10, NULL, '[]', '2024-11-02 20:18:45', '2024-11-02 21:36:21');
INSERT INTO `user` VALUES (50, '11', '22', '1@mail.com', '$2b$12$5kDvfMC6pbXfiyKS5jvAkONNLuOc2W6o4AJqZC1zPj.yj7chDULRe', NULL, NULL, NULL, 'nurse', 9, NULL, '[]', '2024-11-06 15:07:30', '2024-12-03 22:41:59');
INSERT INTO `user` VALUES (51, '22', '11', '2@mail.com', '$2b$12$TcSnA/D3jovSjR7b4hxUjOiNCkvIfhy0KzDDXgZbFsKI/ZefgNa7y', NULL, NULL, NULL, 'supervisor', NULL, 3, NULL, '2024-11-06 15:07:51', '2024-11-06 15:07:51');
INSERT INTO `user` VALUES (52, '33', '44', '3@mail.com', '$2b$12$WNpuLxFRT0SpqWR/kVa.meFT1RTpa5ySjY3rgWMrgCjUKn4gE4l.K', NULL, NULL, NULL, 'nurse', 6, NULL, NULL, '2024-11-06 15:29:03', '2024-11-06 15:29:03');
INSERT INTO `user` VALUES (53, 'sbsbsbsbsbsb', 'sb last name', '4@mail.com', '$2b$12$s93pB/F9OrMXuSQahaXkfuxhD1BpJXUon52IGnXh9G2DlBHitlDxi', 'ccd', '110', NULL, 'supervisor', NULL, 1, '[\"eyJhbGciOiJIUzI1NiIsInR5cCI6IkpXVCJ9.eyJlbWFpbCI6IjRAbWFpbC5jb20iLCJleHAiOjE3MzA5MzU3OTN9.TYk4bAlljxl9TgXUHUrC7u2-KYTmu4qR7v15d2e-abk\", \"eyJhbGciOiJIUzI1NiIsInR5cCI6IkpXVCJ9.eyJlbWFpbCI6IjRAbWFpbC5jb20iLCJleHAiOjE3MzMyOTA1OTF9.-msYogWf04ZtbjP43uSRn1BRs4t_YGlELlxIpJq8WNo\"]', '2024-11-06 15:29:30', '2024-12-03 21:36:31');
INSERT INTO `user` VALUES (54, 'zihan', 'ma', '1107@mail.com', '$2b$12$ermeJ6ccWkAzLqpiVIywreZNNnjR6lOZWvp/QYVc3iG8gMuF1J43u', NULL, NULL, NULL, 'nurse', 10, NULL, '[\"eyJhbGciOiJIUzI1NiIsInR5cCI6IkpXVCJ9.eyJlbWFpbCI6IjExMDdAbWFpbC5jb20iLCJleHAiOjE3MzEwMTYxNDN9._uXnTdrAeDNJLFFAYYpmfd2awVh9hZW8U7q_QIR58R8\"]', '2024-11-07 13:49:01', '2024-11-07 13:49:03');
INSERT INTO `user` VALUES (55, '2003', '3002', '2003@mail.com', '$2b$12$RX2RjTBV2A0dOWZVEs866ulsDGLAf/KjIj0a24dOq6J3VfWd32Qjm', NULL, NULL, NULL, 'nurse', 1, NULL, '[]', '2024-11-07 20:04:24', '2024-11-07 20:05:07');
INSERT INTO `user` VALUES (146, 'Anthony', 'Vasquez', 'nurse-anthonyvasquez@mail.com', '$2b$12$qlZVJ/Iox2zn4s35.foaseUQZfuUkZPCe8cw/IxdpsOBBZuzGe0rO', '41094 Ray Roads Kingchester, AK 63777', '643.513.1042x54394', '1996-07-29', 'nurse', 10, NULL, '[]', '2024-12-03 22:50:11', '2024-12-03 22:53:04');
INSERT INTO `user` VALUES (151, 'zihan', 'ma', '2251@mail.com', '$2b$12$aoIC/.wUxRoCtmWxCEcW5OhvLLjhWOyv2XewMgQoW61IigpSWG0k2', NULL, NULL, NULL, 'nurse', 9, NULL, NULL, '2024-12-03 22:52:06', '2024-12-03 22:52:06');
INSERT INTO `user` VALUES (152, 'Mary', 'Suarez', 'nurse-marysuarez@mail.com', '$2b$12$lwP09J6495l253ChfAM5xub7G31zO2jhClbspQ6DLltl2FEKWbi/q', '014 Katherine Rest Suite 201 South Ericberg, WA 05000', '722-565-6828x94329', '1995-07-30', 'nurse', 7, NULL, NULL, '2024-12-03 22:54:56', '2024-12-03 22:54:56');
INSERT INTO `user` VALUES (153, 'Gregory', 'Hood', 'nurse-gregoryhood@mail.com', '$2b$12$dFSc7zpIA6BEur3.asdKBOw2fNVo7ENYHAiTZ22kl6MG9fFLpIoi2', '99022 Dean Hill Apt. 806 Donnabury, AR 99943', '+1-360-509-0263x936', '1993-12-19', 'nurse', 8, NULL, '[]', '2024-12-03 22:54:56', '2024-12-03 22:55:49');
INSERT INTO `user` VALUES (154, 'Janet', 'Miller', 'nurse-janetmiller@mail.com', '$2b$12$AvmuVHPiInQDxAQNDhXjzecxVevflbR6gAobrXafb11iTmWGA3m/W', '261 Burns Trace Apt. 604 Berryview, NC 57334', '223.532.7784x36570', '1969-12-12', 'nurse', 6, NULL, '[]', '2024-12-03 22:54:56', '2024-12-03 22:55:35');
INSERT INTO `user` VALUES (155, 'Anthony', 'Wilson', 'nurse-anthonywilson@mail.com', '$2b$12$Ej0vnPpqq0JK6gauHMx6gOo6YbFy4Iwup7O7vocqc/IdmSl00yGLu', 'Unit 9271 Box 1512 DPO AA 43677', '001-931-838-4928x1979', '1988-06-17', 'nurse', 8, NULL, '[]', '2024-12-03 22:54:57', '2024-12-03 22:57:25');
INSERT INTO `user` VALUES (156, 'David', 'Jenkins', 'nurse-davidjenkins@mail.com', '$2b$12$HjEK3zrgQMaQ9N1zpjiG3OyPxhv65PI/DSVYITGs.m0IfzxwwIc7y', '97390 Michelle Club New Jennifer, IN 68185', '(466)929-2400x169', '1997-11-30', 'nurse', 9, NULL, '[]', '2024-12-03 22:54:57', '2024-12-03 22:56:07');
INSERT INTO `user` VALUES (157, 'Tyler', 'Spencer', 'nurse-tylerspencer@mail.com', '$2b$12$IoOg/fezxjMKPZDMwDlxY.0gznqbSS6OxGaDuolzu/Pj7GPJTu2yS', '675 Thomas Street North Rebeccaville, MN 54048', '001-631-882-1385x2673', '1988-11-05', 'nurse', 6, NULL, NULL, '2024-12-03 22:56:32', '2024-12-03 22:56:32');
INSERT INTO `user` VALUES (158, 'Jose', 'White', 'nurse-josewhite@mail.com', '$2b$12$PGSqrYVWSqVm6aTdwBjGmOy9ljRiOfC8KI3aeTES/AyIL/sY0uSL.', '66408 Jackson Landing Apt. 702 Andrealand, CO 30682', '+1-238-921-5759x55272', '1972-07-29', 'nurse', 9, NULL, NULL, '2024-12-03 22:56:32', '2024-12-03 22:56:32');
INSERT INTO `user` VALUES (159, 'Samantha', 'Johnston', 'nurse-samanthajohnston@mail.com', '$2b$12$Sgt9XZh1iiSZr3Ujqby5rOCRxxmyl8ui4HYXIlfX4SnVz1FP7v1la', '8897 Christine Forks Apt. 403 West Tiffany, ID 65959', '001-698-283-3348x8445', '1977-09-19', 'nurse', 10, NULL, NULL, '2024-12-03 22:56:33', '2024-12-03 22:56:33');
INSERT INTO `user` VALUES (160, 'Maria', 'Orozco', 'nurse-mariaorozco@mail.com', '$2b$12$ASZpuYQE1h7xru7WQEvdO.G7keJnbsMAIVWwCN3gCAoRf1oow07V2', '3063 Brittany Forks Suite 175 East Christophershire, WI 05229', '(342)336-5897x146', '1992-03-03', 'nurse', 10, NULL, NULL, '2024-12-03 22:56:33', '2024-12-03 22:56:33');
INSERT INTO `user` VALUES (161, 'Savannah', 'Hernandez', 'nurse-savannahhernandez@mail.com', '$2b$12$mHS1OqQWpnp8yC2BOWxUpeFPf1T3/um.Al80Oy7nqiXy35MQo5kgG', 'PSC 5990, Box 6149 APO AP 44592', '924.391.7412', '1994-06-24', 'nurse', 10, NULL, NULL, '2024-12-03 22:56:33', '2024-12-03 22:56:33');
INSERT INTO `user` VALUES (162, 'Courtney', 'Johnson', 'nurse-courtneyjohnson@mail.com', '$2b$12$waNphiPc.JREV/QBwBVD7OKbBJ1gq0zGpg67aiVhs/r1uEIyN1V.S', '02823 Ortiz Turnpike Apt. 442 Berryhaven, AS 57582', '942-492-6512x6022', '1970-10-13', 'nurse', 6, NULL, NULL, '2024-12-03 22:56:33', '2024-12-03 22:56:33');
INSERT INTO `user` VALUES (163, 'Austin', 'Stout', 'nurse-austinstout@mail.com', '$2b$12$84Fe3cUJgtmRJYWCBG.NhelKAzH0/RmO14I74u9TAKZebEmRMheQO', '90803 Donna Row Apt. 509 Brendaville, MI 54709', '001-895-450-7864x34301', '1985-08-28', 'nurse', 5, NULL, NULL, '2024-12-03 22:56:33', '2024-12-03 22:56:33');
INSERT INTO `user` VALUES (164, 'Brittney', 'Gonzalez', 'nurse-brittneygonzalez@mail.com', '$2b$12$PdeKgs7SK4ZyKbjWeOIl6eqCP3fgmiClMyg/BL4FSVTNOAHsnz2Sy', '92057 Matthew Flat New Angelica, WI 62432', '851.513.7440', '1995-05-02', 'nurse', 7, NULL, NULL, '2024-12-03 22:56:33', '2024-12-03 22:56:33');
INSERT INTO `user` VALUES (165, 'Lawrence', 'Cook', 'nurse-lawrencecook@mail.com', '$2b$12$1.KSRoEWD7kGSdd/uX.w7Oa04NHB7O925EtBeLER3Q3M9gdwV2cn6', '920 Timothy Hollow Lindseyside, MS 52238', '825-510-8305', '1996-10-30', 'nurse', 5, NULL, NULL, '2024-12-03 22:56:34', '2024-12-03 22:56:34');
INSERT INTO `user` VALUES (166, 'Mark', 'Clark', 'nurse-markclark@mail.com', '$2b$12$dOEvJozqGZ39bD0IYWjcz.ZRJ0cdJ2oFf66hwTOoLyApm2coc003y', '032 Martin Wells Amymouth, AZ 57662', '401.643.4980', '1976-05-16', 'nurse', 5, NULL, NULL, '2024-12-03 22:56:34', '2024-12-03 22:56:34');
INSERT INTO `user` VALUES (167, 'Kristi', 'Boyd', 'nurse-kristiboyd@mail.com', '$2b$12$AAhtRqm2EEuT76mJoij0HeOZSJpufSw6xYChe1.KAJ7PhjpMNwdvu', '842 Robin Radial Suite 326 Shannonmouth, MP 85265', '+1-354-421-6969x3225', '1977-01-04', 'nurse', 6, NULL, NULL, '2024-12-03 22:56:34', '2024-12-03 22:56:34');
INSERT INTO `user` VALUES (168, 'Lee', 'Casey', 'nurse-leecasey@mail.com', '$2b$12$sWkeRZ1IVSckTZBeP8neQuk.vhxzX42BfyDXyEy9bV6RRjnAov8D6', '25724 William Fort Apt. 107 North Brandy, DC 85888', '001-377-668-8384', '1974-10-04', 'nurse', 9, NULL, NULL, '2024-12-03 22:56:34', '2024-12-03 22:56:34');
INSERT INTO `user` VALUES (169, 'Sarah', 'Downs', 'nurse-sarahdowns@mail.com', '$2b$12$dDWdwssD.i70iYE3/eJaZe6iKt1oaOnDiFp4KDKOxSVE9nZ.PsYHe', '741 Chang Junction Suite 701 Bellchester, MO 55934', '877-292-4859x4715', '1988-08-22', 'nurse', 7, NULL, NULL, '2024-12-03 22:56:34', '2024-12-03 22:56:34');
INSERT INTO `user` VALUES (170, 'Heather', 'Cooper', 'nurse-heathercooper@mail.com', '$2b$12$MODpgWcfGT2IJwtDkkVkeeBGpUqMDV3yZRQimVwreyurUwjPkZNQO', '44706 Katelyn Wall Apt. 655 New Rachelside, RI 56996', '2285572637', '1995-12-11', 'nurse', 6, NULL, NULL, '2024-12-03 22:56:35', '2024-12-03 22:56:35');
INSERT INTO `user` VALUES (171, 'Shawn', 'Chavez', 'nurse-shawnchavez@mail.com', '$2b$12$pf5lLlt7WSPK3KpLOhSOtOeB3VtfLhLtwbTzKhsh7Xkl.VQxpGuyS', '059 Jensen Skyway Suite 083 Reynoldsport, IA 42701', '265-390-6383', '1982-11-09', 'nurse', 6, NULL, NULL, '2024-12-03 22:56:35', '2024-12-03 22:56:35');
INSERT INTO `user` VALUES (172, 'Gregory', 'Lopez', 'nurse-gregorylopez@mail.com', '$2b$12$0ryRASPZE9nX4H6v32pZP.dUktqa1aoetebRnSejGjICbTXKuNRXq', '3911 Flores Vista Davidmouth, SD 12847', '(813)385-7703', '1969-02-08', 'nurse', 9, NULL, NULL, '2024-12-03 22:56:35', '2024-12-03 22:56:35');
INSERT INTO `user` VALUES (173, 'Amanda', 'Padilla', 'nurse-amandapadilla@mail.com', '$2b$12$9RC8wUzuxYh.4S.YbaVfnuHh6AhYAKnZEIvGLZ06IKqbM48Gqy4tC', '400 Holland Union Lake Alexandria, PR 56596', '3029311169', '1969-08-09', 'nurse', 7, NULL, NULL, '2024-12-03 22:56:35', '2024-12-03 22:56:35');
INSERT INTO `user` VALUES (174, 'Jeff', 'Wright', 'nurse-jeffwright@mail.com', '$2b$12$.FNYz9UGOfwisboJlR/u2Od1LyROKTb939.J9bAowPLceWHzQGWAu', '236 Martinez Track Suite 933 Kimberlyshire, GU 14032', '+1-861-856-7980x115', '1998-05-21', 'nurse', 8, NULL, NULL, '2024-12-03 22:56:35', '2024-12-03 22:56:35');
INSERT INTO `user` VALUES (175, 'Denise', 'Burton', 'nurse-deniseburton@mail.com', '$2b$12$DF8tYGnINwQJOuH8dBvir.KP7Bl16TTDHD8J9jZfZ42ukM7jbylJ2', '5657 Phillips Green Suite 756 Carrollmouth, TX 32235', '327.251.0763', '1980-08-14', 'nurse', 7, NULL, NULL, '2024-12-03 22:56:35', '2024-12-03 22:56:35');
INSERT INTO `user` VALUES (176, 'Alexander', 'Erickson', 'nurse-alexandererickson@mail.com', '$2b$12$kyPaLqInv6kiPKLobUKdOu28rRspCx04PGVdxKe.SXAX.cQtCCMhu', '90155 Paul Shoal Jasontown, GA 40563', '429.496.6360x6758', '1976-05-12', 'nurse', 5, NULL, NULL, '2024-12-03 22:56:36', '2024-12-03 22:56:36');
INSERT INTO `user` VALUES (177, 'Zihan', 'Ma', 'nurse-zihanma@mail.com', '$2b$12$Y0/pb2vgvpbFFyjRkvnAjO9Q9hwnZUwVBsK9xbsmt1zNqNP5jMtwW', '0280 Lin Lakes Lake Tyler, CT 32418', '(285)660-3698x0451', '1989-11-15', 'nurse', 7, NULL, '[]', '2024-12-03 22:57:09', '2024-12-04 18:04:03');
INSERT INTO `user` VALUES (178, 'Richard', 'Bowen', 'nurse-richardbowen@mail.com', '$2b$12$7tANCZl7ZBFbp5e.rL2B.eFC0oWsmLfyJsQILXmkxzgTIYfMwpWXa', '791 Krista Parks Suite 872 Mccarthyborough, AR 53135', '851.337.2797x52528', '1994-01-23', 'nurse', 5, NULL, NULL, '2024-12-03 22:57:09', '2024-12-03 22:57:09');
INSERT INTO `user` VALUES (179, 'Chloe', 'Miller', 'nurse-chloemiller@mail.com', '$2b$12$zmIWK/BiJ1XKIoJshN6Z0ezcUuvQ4w7T0/vug4SxCf.TK9HMFEV7C', '0327 Christopher Islands Apt. 266 Rebeccaville, RI 75135', '721-297-0744x695', '1988-01-26', 'nurse', 8, NULL, NULL, '2024-12-03 22:57:10', '2024-12-03 22:57:10');
INSERT INTO `user` VALUES (180, 'Benjamin', 'Brown', 'nurse-benjaminbrown@mail.com', '$2b$12$Ob.dfCjTjqkXtOlr4s6CZuQbBgEy2AoNLFuLvpsTbe7N9YA6dN23O', '9512 Michael Wall Apt. 001 East Erika, IL 54707', '409-774-7540x2833', '1991-05-19', 'nurse', 9, NULL, NULL, '2024-12-03 22:57:10', '2024-12-03 22:57:10');
INSERT INTO `user` VALUES (181, 'Norman', 'Alvarez', 'nurse-normanalvarez@mail.com', '$2b$12$q2gjW/I4Jjx97dr4Jb9CIe/OIQ3wHr0nzEcZKDtVzeU6EoQSyH.E.', '5707 Stevens Cliffs Elizabethville, OK 96350', '(419)606-2884x1707', '1993-06-11', 'nurse', 6, NULL, NULL, '2024-12-03 22:57:10', '2024-12-03 22:57:10');
INSERT INTO `user` VALUES (182, 'Kathryn', 'Bell', 'nurse-kathrynbell@mail.com', '$2b$12$wRIyg1s5m5VAQ73N0Y4wle16H6zwTi0dqgFJVNJPV0c1/A2nuZb/q', '32957 Paul Vista Apt. 061 Rowlandhaven, NE 28317', '281.625.1817', '1980-06-10', 'nurse', 9, NULL, NULL, '2024-12-03 22:57:10', '2024-12-03 22:57:10');
INSERT INTO `user` VALUES (183, 'Michael', 'Anderson', 'nurse-michaelanderson@mail.com', '$2b$12$b/Z3vtXS6dLX9RVN8nR3L.RnH6c93fh6lRaqkXm/q5WUNEDL9XsCG', '5221 Mccall Brooks Apt. 210 South Robert, TX 72153', '2252687186', '1978-04-05', 'nurse', 8, NULL, NULL, '2024-12-03 22:57:10', '2024-12-03 22:57:10');
INSERT INTO `user` VALUES (184, 'Emily', 'Johnson', 'nurse-emilyjohnson@mail.com', '$2b$12$QNRhHjZlZs9MSWWPBawTceziMVTG5vdWXC1vrmUb7o8w62Lay2/Sy', 'USNV Smith FPO AA 19247', '609-700-5426', '1977-07-10', 'nurse', 10, NULL, NULL, '2024-12-03 22:57:11', '2024-12-03 22:57:11');
INSERT INTO `user` VALUES (185, 'Yvette', 'Fry', 'nurse-yvettefry@mail.com', '$2b$12$xonz53tapsdsTsXE9bU7iOrm90NLQKI1XxNDzD8X4KolGHSJMEg6O', '860 Clark Turnpike Suite 003 New Robertmouth, IA 39921', '801.227.1403x4385', '1983-03-22', 'nurse', 5, NULL, NULL, '2024-12-03 22:57:11', '2024-12-03 22:57:11');
INSERT INTO `user` VALUES (186, 'Emily', 'Holmes', 'nurse-emilyholmes@mail.com', '$2b$12$GMwnCX0p/aNKgHTgNU8dkeFfB9eTywbqcsw5qg.93v5ZqryaoKmuy', '5949 Rhonda Parks Beardton, AS 49504', '001-527-346-0363x27011', '1984-03-29', 'nurse', 8, NULL, '[]', '2024-12-03 22:57:11', '2024-12-03 22:57:59');
INSERT INTO `user` VALUES (187, 'Mary', 'Richard', 'nurse-maryrichard@mail.com', '$2b$12$9Oz0uhEOx3b0gog2NbFqzuigf8p9ooHdE.NlyglhnmtaCKKD1OZB.', 'PSC 6311, Box 9187 APO AE 66385', '283.449.8366', '1997-10-09', 'nurse', 6, NULL, NULL, '2024-12-03 22:57:11', '2024-12-03 22:57:11');
INSERT INTO `user` VALUES (188, 'Debra', 'Schroeder', 'nurse-debraschroeder@mail.com', '$2b$12$aiH5hBW38EZwiFOw/7qp1.7r1Jr43b3Tzy7U4F11HEgf.eyXiDULW', '63415 Johnny Stream Suite 692 Beckerhaven, NJ 20133', '715.953.9677', '1981-10-25', 'nurse', 8, NULL, NULL, '2024-12-03 22:57:11', '2024-12-03 22:57:11');
INSERT INTO `user` VALUES (189, 'Ryan', 'Kelley', 'nurse-ryankelley@mail.com', '$2b$12$rg8wDBQG8w7tJsk9xd7iVOvjq14i/l6Tu6LuAKRxFRtftzaGLWQHO', '293 Cindy Highway Suite 074 North Sarahstad, HI 82394', '001-844-991-3543x46920', '1996-04-30', 'nurse', 5, NULL, NULL, '2024-12-03 22:57:11', '2024-12-03 22:57:11');
INSERT INTO `user` VALUES (190, 'Heather', 'Townsend', 'nurse-heathertownsend@mail.com', '$2b$12$aS6HJIDKDd/gYpqExV9PEOOf2hFEm.6AFF4YcPeDLZThuHz.G6BOe', '593 Christopher Ports West Robertfort, MP 92777', '(690)875-2865', '1972-04-26', 'nurse', 9, NULL, NULL, '2024-12-03 22:57:12', '2024-12-03 22:57:12');
INSERT INTO `user` VALUES (191, 'Vanessa', 'Davis', 'nurse-vanessadavis@mail.com', '$2b$12$fP1uHdawQDkMHK.6MI2zp.DmSU0iPpIE7zT30jSrfWzp/vuUOsa0C', '58940 Kevin Crossing Apt. 800 West Cameron, MO 21285', '251.934.8974', '1972-06-26', 'nurse', 5, NULL, NULL, '2024-12-03 22:57:12', '2024-12-03 22:57:12');

SET FOREIGN_KEY_CHECKS = 1;
